SET CLIENT_ENCODING TO 'utf8';

INSERT INTO public.user_profile (id, first_name, last_name, email, username, password) VALUES ('8f8fc016-5bb2-4906-ad88-68932c438665', 'John', 'Smith', 'smith.j@sample.com', 'user1', '$2a$08$6PEeGWWVF1M8hU8Y8XCNfe/FAs4WGHXX/wB0znhC3O3TxYtWY/xxe');
INSERT INTO public.user_profile (id, first_name, last_name, email, username, password) VALUES ('66c34e55-9dec-483f-8458-1fc50e802415', 'Asa', 'Edward', 'edward.a@sample.com', 'user2', '$2a$08$gAG7ItEHUDaigRlfi9xreeK3zdbYvOsqF6x0Ic8gZpyVgK6d3j9Ba');
INSERT INTO public.user_profile (id, first_name, last_name, email, username, password) VALUES ('60511f59-40d0-4b48-8131-9616621aecee', 'Harry', 'James', 'james.h@sample.com', 'user3', '$2a$08$2QY79Mgc1xJ.FpJgvXDNOumPxDBtfvGkGaoZfsqotTuHA1GT/6C8m');
INSERT INTO public.user_profile (id, first_name, last_name, email, username, password) VALUES ('96e22974-71ff-4b20-aaf1-c3d3363fb83c', 'Timothy', 'Dodson', 'dodson.t@sample.com', 'user4', '$2a$08$Y42BW7MhuusWv5ryItvRY.BuerjozH7jJldnnI9S4rI7zfgpx0ujK');
INSERT INTO public.user_profile (id, first_name, last_name, email, username, password) VALUES ('30b1d16d-1d41-4482-8729-89bdd0a7fa91', 'Yuri', 'Davis', 'davis.y@sample.com', 'user5', '$2a$08$yY2QSA73vWLhlgDbM5INNOtF7FNVkD3BJiLuFG5eTGT.4rSnYW96G');
INSERT INTO public.user_profile (id, first_name, last_name, email, username, password) VALUES ('08825990-71a3-4984-bf5f-faa942359e99', 'Ethal', 'May', 'may.e@sample.com', 'user6', '$2a$08$Va/t.Tm2IqrtyWHtIRH5Z.YrHx7aa6WH.daclUpWexar50HwJ7flu');
INSERT INTO public.user_profile (id, first_name, last_name, email, username, password) VALUES ('17db116f-1ed3-464e-be0e-bcbf64578582', 'Ruby', 'Eleanor', 'eleanor.r@sample.com', 'user7', '$2a$08$.xNFwbzd9DZGCyMocaLVku6qjjqzbAqB4yHDNXfNlhbyjsxtrsL9K');
INSERT INTO public.user_profile (id, first_name, last_name, email, username, password) VALUES ('ea9a88aa-4a75-40c2-a594-454334b769cc', 'sample first name', 'sample last name 2', 'temporary3@gmail.com', '711065a9-3344-46dc-bc85-6335b39aaccf', '$2a$08$bjqfFOEPG6nMSL7.v8l/ou0beBQKfDBPVbHQKw/YP5fcLBYhgkbFO');

INSERT INTO public.promotion (id, "placeId", "promotionType", cuisine, name, description, date_added, start_date, expiration_date, tsvector, "restaurantName", "restaurantAddress", votes, "userId") VALUES ('9f0f98a4-ebe9-4c66-826c-2f1be3e1be53', 'ChIJIfBAsjeuEmsRdgu9Pl1Ps48', 'Bogo', 'Caribbean', 'Fries for Good - November 10th - 30th', 'From November 10th to 30th a portion of the proceeds from every order of fries sold will be donated to Ronald McDonald House Charities Canada. All fries, whether bought alone, or in a meal will help!
  It’s never been easier to give back - all you have to do is eat your favourite fries (120-560 cals)! You can order them in-restaurant, at the drive thru, through McDelivery or you can order ahead on the McDonald’s app.
  If you’re looking for more ways to help families with sick children you can always round up your order - even when Fries for Good is over. When you finish placing your order, simply ask to “Round Up for RMHC” at participating McDonald’s restaurants, and your order will be rounded to the nearest dollar. The difference will be donated to RMHC Canada.', '2021-02-14 22:10:42.139825', '2021-02-14 22:10:38.980000', '2021-02-14 22:10:38.980000', '''-560'':61 ''10th'':5,9 ''120'':60 ''30th'':6,11 ''ahead'':80 ''alon'':36 ''alway'':99 ''app'':84 ''ask'':118 ''back'':49 ''bought'':35 ''cal'':62 ''canada'':31,145 ''chariti'':30 ''children'':96 ''differ'':139 ''dollar'':137 ''donat'':25,142 ''drive'':72 ''easier'':46 ''eat'':56 ''even'':104 ''everi'':18 ''famili'':93 ''favourit'':58 ''finish'':113 ''fri'':1,21,33,59,106 ''give'':48 ''good'':3,108 ''help'':42,92 ''hous'':29 ''in-restaur'':67 ''it’'':43 ''look'':87 ''mcdeliveri'':75 ''mcdonald'':28 ''mcdonald’'':83,126 ''meal'':40 ''nearest'':136 ''never'':44 ''novemb'':4,8 ''order'':19,65,79,103,116,130 ''particip'':125 ''place'':114 ''portion'':13 ''proceed'':16 ''restaur'':69,127 ''rmhc'':144 ''rmhc”'':123 ''ronald'':27 ''round'':100,133 ''sick'':95 ''simpli'':117 ''sold'':22 ''thru'':73 ''way'':90 ''whether'':34 ''you’r'':86 ''“round'':120', 'A&W', '5778 University Blvd, Vancouver, BC V6T 1K6', 0, '8f8fc016-5bb2-4906-ad88-68932c438665');
INSERT INTO public.promotion (id, "placeId", "promotionType", cuisine, name, description, date_added, start_date, expiration_date, tsvector, "restaurantName", "restaurantAddress", votes, "userId") VALUES ('c14f2ef7-15df-4bba-b568-194f820c58d3', 'ChIJ5xQ7szeuEmsRs6Kj7YFZE9k', 'Happy Hour', 'Vietnamese', 'Happy Hour At Pearl Castle Cafe', 'Just for a limited time happy hour deals starting at 7 pm. Drinks will be 15% off!', '2021-02-14 22:10:42.246101', '2021-02-14 22:10:38.981000', '2021-02-14 22:10:38.981000', '''15'':22 ''7'':17 ''cafe'':6 ''castl'':5 ''deal'':14 ''drink'':19 ''happi'':1,12 ''hour'':2,13 ''limit'':10 ''pearl'':4 ''pm'':18 ''start'':15 ''time'':11', 'Pearl Castle Cafe', '6060 Minoru Blvd #1782, Richmond, BC V6Y 2V7', 0, '66c34e55-9dec-483f-8458-1fc50e802415');
INSERT INTO public.promotion (id, "placeId", "promotionType", cuisine, name, description, date_added, start_date, expiration_date, tsvector, "restaurantName", "restaurantAddress", votes, "userId") VALUES ('cd0626df-e0e4-4370-a906-f5db680575e1', 'ChIJb0n5cWl3hlQRIbVGYLiTEgE', 'Other', 'Korean', 'Thanksgiving Promotion Right Now!', 'Every item on the menu for Wendy''s is cheaper than usual. This promotion runs every Friday', '2021-02-14 22:10:42.258186', '2021-02-14 22:10:38.981000', '2021-02-14 22:10:38.981000', '''cheaper'':14 ''everi'':5,20 ''friday'':21 ''item'':6 ''menu'':9 ''promot'':2,18 ''right'':3 ''run'':19 ''thanksgiv'':1 ''usual'':16 ''wendi'':11', 'Wendys', '480 W 8th Ave, Vancouver, BC V5Y 1N9', 0, '66c34e55-9dec-483f-8458-1fc50e802415');
INSERT INTO public.promotion (id, "placeId", "promotionType", cuisine, name, description, date_added, start_date, expiration_date, tsvector, "restaurantName", "restaurantAddress", votes, "userId") VALUES ('b53cb7e6-278a-4513-a19b-900bb8441f98', 'ChIJIfBAsjeuEmsRdgu9Pl1Ps48', 'Bogo', 'Japanese', 'Saffron Indian Cuisine: 10% off pickup orders over $20', 'Lifetime; 10% off pick up orders over $20.00; #5 - 4300 Kingsway, Burnaby', '2021-02-14 22:10:42.267687', '2021-02-14 22:10:38.981000', '2021-02-14 22:10:38.981000', '''10'':4,11 ''20'':9 ''20.00'':17 ''4300'':19 ''5'':18 ''burnabi'':21 ''cuisin'':3 ''indian'':2 ''kingsway'':20 ''lifetim'':10 ''order'':7,15 ''pick'':13 ''pickup'':6 ''saffron'':1', 'Saffron Indian Cuisine', '4300 Kingsway #5, Burnaby, BC V5H 1Z8', 0, '66c34e55-9dec-483f-8458-1fc50e802415');
INSERT INTO public.promotion (id, "placeId", "promotionType", cuisine, name, description, date_added, start_date, expiration_date, tsvector, "restaurantName", "restaurantAddress", votes, "userId") VALUES ('90bf75f3-7bdc-42c4-8a14-0866c70738c2', 'ChIJ5xQ7szeuEmsRs6Kj7YFZE9k', 'Happy Hour', 'Other', '54th Cafe Restaurant: Free items with pick-up orders', 'Pick-up only: Over $30 order - free spring rolls (2), over $45 order - free fried rice, over $65 order: free honey or dry garlic spareribs;; address is 7088 Kerr Street', '2021-02-14 22:10:42.275961', '2021-02-14 22:10:38.981000', '2021-02-14 22:10:38.981000', '''2'':21 ''30'':16 ''45'':23 ''54th'':1 ''65'':29 ''7088'':39 ''address'':37 ''cafe'':2 ''dri'':34 ''free'':4,18,25,31 ''fri'':26 ''garlic'':35 ''honey'':32 ''item'':5 ''kerr'':40 ''order'':10,17,24,30 ''pick'':8,12 ''pick-up'':7,11 ''restaur'':3 ''rice'':27 ''roll'':20 ''sparerib'':36 ''spring'':19 ''street'':41', '54th Cafe Restaurant', '7088 Kerr St, Vancouver, BC V5S 4W2', 0, '60511f59-40d0-4b48-8131-9616621aecee');
INSERT INTO public.promotion (id, "placeId", "promotionType", cuisine, name, description, date_added, start_date, expiration_date, tsvector, "restaurantName", "restaurantAddress", votes, "userId") VALUES ('66fcc68c-2e54-4f34-b545-f2be11190990', 'ChIJb0n5cWl3hlQRIbVGYLiTEgE', 'Other', 'Caribbean', 'McDonalds $1.00 Coffee any size starting Monday Nov. 30th', 'Event starts Monday, November 30th and you can get any size McCafé premium roast coffee for $1.00.', '2021-02-14 22:10:42.283250', '2021-02-14 22:10:38.981000', '2021-02-14 22:10:38.981000', '''1.00'':2,26 ''30th'':9,14 ''coffe'':3,24 ''event'':10 ''get'':18 ''mccafé'':21 ''mcdonald'':1 ''monday'':7,12 ''nov'':8 ''novemb'':13 ''premium'':22 ''roast'':23 ''size'':5,20 ''start'':6,11', 'McDonalds', '5728 University Blvd #101, Vancouver, BC V6T 1K6', 0, '96e22974-71ff-4b20-aaf1-c3d3363fb83c');
INSERT INTO public.promotion (id, "placeId", "promotionType", cuisine, name, description, date_added, start_date, expiration_date, tsvector, "restaurantName", "restaurantAddress", votes, "userId") VALUES ('44393e16-2c94-4e17-9209-43a7a6cff472', 'ChIJIfBAsjeuEmsRdgu9Pl1Ps48', 'Bogo', 'Vietnamese', 'Starbucks Free drink when ordering through the app', 'Make a purchase using the Starbucks app from 11/23 to 11/29 at participating stores and get a coupon code loaded to your account for a free standard menu size handcrafted drink. Excludes purchases of alcohol, Starbucks Cards and Starbucks Card reloads.', '2021-02-14 22:10:42.291624', '2021-02-14 22:10:38.981000', '2021-02-14 22:10:38.981000', '''11/23'':17 ''11/29'':19 ''account'':31 ''alcohol'':43 ''app'':8,15 ''card'':45,48 ''code'':27 ''coupon'':26 ''drink'':3,39 ''exclud'':40 ''free'':2,34 ''get'':24 ''handcraft'':38 ''load'':28 ''make'':9 ''menu'':36 ''order'':5 ''particip'':21 ''purchas'':11,41 ''reload'':49 ''size'':37 ''standard'':35 ''starbuck'':1,14,44,47 ''store'':22 ''use'':12', 'Starbucks', 'UBC @ Life, 6138 Student Union Blvd, Vancouver, BC V6T 1Z1', 0, '30b1d16d-1d41-4482-8729-89bdd0a7fa91');
INSERT INTO public.promotion (id, "placeId", "promotionType", cuisine, name, description, date_added, start_date, expiration_date, tsvector, "restaurantName", "restaurantAddress", votes, "userId") VALUES ('144a7c89-f2b4-4cee-8b32-e243e6963541', 'ChIJ5xQ7szeuEmsRs6Kj7YFZE9k', 'Happy Hour', 'Korean', 'A&W Free Coffee: One Per Day Per Person until November 30th', 'For us, great burgers come first. Since 2013 we’ve been serving beef raised without artificial hormones and steroids, and now all our beef is also grass-fed. Grass-fed beef is as simple as it sounds — cattle only graze on grass and other forage, like hay. We source our grass-fed beef from select ranches in Canada, the US, Australia and New Zealand, and are committed to offering Canadians burgers they can confidently enjoy.', '2021-02-14 22:10:42.303141', '2021-02-14 22:10:38.981000', '2021-02-14 22:10:38.981000', '''2013'':20 ''30th'':12 ''also'':37 ''artifici'':27 ''australia'':76 ''beef'':24,35,44,68 ''burger'':16,86 ''canada'':73 ''canadian'':85 ''cattl'':52 ''coffe'':4 ''come'':17 ''commit'':82 ''confid'':89 ''day'':7 ''enjoy'':90 ''fed'':40,43,67 ''first'':18 ''forag'':59 ''free'':3 ''grass'':39,42,56,66 ''grass-f'':38,41,65 ''graze'':54 ''great'':15 ''hay'':61 ''hormon'':28 ''like'':60 ''new'':78 ''novemb'':11 ''offer'':84 ''one'':5 ''per'':6,8 ''person'':9 ''rais'':25 ''ranch'':71 ''select'':70 ''serv'':23 ''simpl'':47 ''sinc'':19 ''sound'':50 ''sourc'':63 ''steroid'':30 ''us'':14,75 ''w'':2 ''we’v'':21 ''without'':26 ''zealand'':79 ''—'':51', 'A&W', '467 W Broadway, Vancouver, BC V5Y 1R4', 0, '30b1d16d-1d41-4482-8729-89bdd0a7fa91');
INSERT INTO public.promotion (id, "placeId", "promotionType", cuisine, name, description, date_added, start_date, expiration_date, tsvector, "restaurantName", "restaurantAddress", votes, "userId") VALUES ('41fc3766-80ef-4678-85bd-e8254e27f46d', 'ChIJb0n5cWl3hlQRIbVGYLiTEgE', 'Other', 'Japanese', '50% off Domino''s on Mon, Tues, Wed', '50% off all pizzas- Monday, Tuesday and Wednesday Only! Online Only (Code 8722).', '2021-02-14 22:10:42.311727', '2021-02-14 22:10:38.981000', '2021-02-14 22:10:38.981000', '''50'':1,9 ''8722'':21 ''code'':20 ''domino'':3 ''mon'':6 ''monday'':13 ''onlin'':18 ''pizza'':12 ''tue'':7 ''tuesday'':14 ''wed'':8 ''wednesday'':16', 'Dominos', '4298 Dunbar St, Vancouver, BC V6S 2E9', 0, '08825990-71a3-4984-bf5f-faa942359e99');
INSERT INTO public.promotion (id, "placeId", "promotionType", cuisine, name, description, date_added, start_date, expiration_date, tsvector, "restaurantName", "restaurantAddress", votes, "userId") VALUES ('aa41ad9e-a738-4a60-bbb0-531272ab2f82', 'ChIJIfBAsjeuEmsRdgu9Pl1Ps48', 'Bogo', 'Other', 'Quesada - 50% off 2nd large ground beef burrito until Nov 22', 'Extended until Nov 22. Buy One Large Ground Beef Burrito and get the second Large Ground Beef Burrito for 50% off when you order online at quesada.ca or through the Quesada App. Use your exclusive promo code “GROUNDBEEF” at checkout.', '2021-02-14 22:10:42.322639', '2021-02-14 22:10:38.981000', '2021-02-14 22:10:38.981000', '''22'':11,15 ''2nd'':4 ''50'':2,31 ''app'':43 ''beef'':7,20,28 ''burrito'':8,21,29 ''buy'':16 ''checkout'':51 ''code'':48 ''exclus'':46 ''extend'':12 ''get'':23 ''ground'':6,19,27 ''larg'':5,18,26 ''nov'':10,14 ''one'':17 ''onlin'':36 ''order'':35 ''promo'':47 ''quesada'':1,42 ''quesada.ca'':38 ''second'':25 ''use'':44 ''“groundbeef”'':49', 'Quesada', '4297 Hastings St, Burnaby, BC V5C 2J5', 0, '08825990-71a3-4984-bf5f-faa942359e99');
INSERT INTO public.promotion (id, "placeId", "promotionType", cuisine, name, description, date_added, start_date, expiration_date, tsvector, "restaurantName", "restaurantAddress", votes, "userId") VALUES ('df667489-22c9-4a0f-bfef-4d6a16a459fc', 'ChIJ5xQ7szeuEmsRs6Kj7YFZE9k', 'Happy Hour', 'Caribbean', 'Katsuya 30% off Takeout @ North York, Scarborough, Yorkdale, Downtown Toronto', 'Takeout 30% off at Katsuya. Applicable on all their Katsu menu. Cash Only. Only applicable at these following locations: North York, Downtown Toronto, Scarborough, Yorkdale', '2021-02-14 22:10:42.340293', '2021-02-14 22:10:38.981000', '2021-02-14 22:10:38.981000', '''30'':2,12 ''applic'':16,25 ''cash'':22 ''downtown'':9,32 ''follow'':28 ''katsu'':20 ''katsuya'':1,15 ''locat'':29 ''menu'':21 ''north'':5,30 ''scarborough'':7,34 ''takeout'':4,11 ''toronto'':10,33 ''york'':6,31 ''yorkdal'':8,35', 'Katsuya', '555 Clarke Rd #8, Coquitlam, BC V3J 3X4', 0, '17db116f-1ed3-464e-be0e-bcbf64578582');
INSERT INTO public.promotion (id, "placeId", "promotionType", cuisine, name, description, date_added, start_date, expiration_date, tsvector, "restaurantName", "restaurantAddress", votes, "userId") VALUES ('231e9352-cac4-436e-9be2-df88d64e8f35', 'ChIJb0n5cWl3hlQRIbVGYLiTEgE', 'Other', 'Vietnamese', '7 Eleven $5 meal deal', 'Every Wednesday in November you can get an 8 inch sub, bag of 7 select chips, and a bottle of AHA water', '2021-02-14 22:10:42.351657', '2021-02-14 22:10:38.981000', '2021-02-14 22:10:38.981000', '''5'':3 ''7'':1,19 ''8'':14 ''aha'':26 ''bag'':17 ''bottl'':24 ''chip'':21 ''deal'':5 ''eleven'':2 ''everi'':6 ''get'':12 ''inch'':15 ''meal'':4 ''novemb'':9 ''select'':20 ''sub'':16 ''water'':27 ''wednesday'':7', '7 Eleven', '2415 E 1st Ave, Vancouver, BC V5M 1A2', 0, '17db116f-1ed3-464e-be0e-bcbf64578582');
INSERT INTO public.promotion (id, "placeId", "promotionType", cuisine, name, description, date_added, start_date, expiration_date, tsvector, "restaurantName", "restaurantAddress", votes, "userId") VALUES ('04850627-e724-41d7-a65a-d246b2925283', 'ChIJIfBAsjeuEmsRdgu9Pl1Ps48', 'Bogo', 'Korean', 'Swiss Chalet festive special returns, now includes $10 Chalet Cash voucher. Also BOGO 591ml Pepsi products', 'Visit https://www.swisschalet.com/en.html to get more details', '2021-02-14 22:10:42.362989', '2021-02-14 22:10:38.981000', '2021-02-14 22:10:38.981000', '''/en.html'':20 ''10'':8 ''591ml'':14 ''also'':12 ''bogo'':13 ''cash'':10 ''chalet'':2,9 ''detail'':24 ''festiv'':3 ''get'':22 ''includ'':7 ''pepsi'':15 ''product'':16 ''return'':5 ''special'':4 ''swiss'':1 ''visit'':17 ''voucher'':11 ''www.swisschalet.com'':19 ''www.swisschalet.com/en.html'':18', 'Swiss Chalet', '3860 Lougheed Hwy, Burnaby, BC V5C 6N4', 0, '17db116f-1ed3-464e-be0e-bcbf64578582');
INSERT INTO public.promotion (id, "placeId", "promotionType", cuisine, name, description, date_added, start_date, expiration_date, tsvector, "restaurantName", "restaurantAddress", votes, "userId") VALUES ('eada4b95-c601-4413-833a-f951124b9a6f', 'ChIJ5xQ7szeuEmsRs6Kj7YFZE9k', 'Happy Hour', 'Japanese', 'Tea18 $2 Bubble Tea', 'The store is located at 495 Bloor St West.', '2021-02-14 22:10:42.375697', '2021-02-14 22:10:38.981000', '2021-02-14 22:10:38.981000', '''2'':2 ''495'':10 ''bloor'':11 ''bubbl'':3 ''locat'':8 ''st'':12 ''store'':6 ''tea'':4 ''tea18'':1 ''west'':13', 'Tea18', '6285 Kingsway, Burnaby, BC V5J 0H4', 0, '17db116f-1ed3-464e-be0e-bcbf64578582');
INSERT INTO public.promotion (id, "placeId", "promotionType", cuisine, name, description, date_added, start_date, expiration_date, tsvector, "restaurantName", "restaurantAddress", votes, "userId") VALUES ('32f5d30d-bf30-4019-90b4-7692db5a0e7e', 'ChIJb0n5cWl3hlQRIbVGYLiTEgE', 'Other', 'Other', 'The Old Spaghetti Factory - Buy a $25 Gift Card Get $10 Bonus Card', 'From now until December 31st, for every $25 in Gift Cards purchased, get a FREE $10 Bonus Card. Click ''ORDER NOW'', or purchase in-store! *Gift Cards valid in Canada only. Gift Cards are not valid on date of purchase. Bonus Cards are valid from January 1st to March 15th, 2021. One Bonus Card redemption per table visit.', '2021-02-14 22:10:42.394743', '2021-02-14 22:10:38.981000', '2021-02-14 22:10:38.981000', '''10'':11,29 ''15th'':64 ''1st'':61 ''2021'':65 ''25'':7,21 ''31st'':18 ''bonus'':12,30,55,67 ''buy'':5 ''canada'':44 ''card'':9,13,24,31,41,47,56,68 ''click'':32 ''date'':52 ''decemb'':17 ''everi'':20 ''factori'':4 ''free'':28 ''get'':10,26 ''gift'':8,23,40,46 ''in-stor'':37 ''januari'':60 ''march'':63 ''old'':2 ''one'':66 ''order'':33 ''per'':70 ''purchas'':25,36,54 ''redempt'':69 ''spaghetti'':3 ''store'':39 ''tabl'':71 ''valid'':42,50,58 ''visit'':72', 'The Old Spaghetti Factory', '53 Water St, Vancouver, BC V6B 1A1', 0, '17db116f-1ed3-464e-be0e-bcbf64578582');
INSERT INTO public.promotion (id, "placeId", "promotionType", cuisine, name, description, date_added, start_date, expiration_date, tsvector, "restaurantName", "restaurantAddress", votes, "userId") VALUES ('2fe55095-883b-471f-8048-f3c3c43b85bb', 'ChIJIfBAsjeuEmsRdgu9Pl1Ps48', 'Bogo', 'Caribbean', 'Starbucks Happy Hour – Thursdays are twice as nice', 'Get two of your favourites for the price of one during Starbucks Happy Hour on select Thursdays each month, from 2 p.m. to 7 p.m. at participating stores. Our app is the best place for Happy Hour alerts and offer redemptions. Happy Hour happens every few weeks. But it’s always a Thursday from 2 p.m. to 7 p.m. and it’s always BOGO. And don’t worry, we’ll let you know when it’s happening and add the coupons to your home screen within the app. Make sure to enable push notifications for the Starbucks app on your phone to receive Happy Hour alerts.', '2021-02-14 22:10:42.409323', '2021-02-14 22:10:38.981000', '2021-02-14 22:10:38.981000', '''2'':30,63 ''7'':33,66 ''add'':83 ''alert'':47,110 ''alway'':59,70 ''app'':39,92,102 ''best'':42 ''bogo'':71 ''coupon'':85 ''don’t'':73 ''enabl'':96 ''everi'':54 ''favourit'':14 ''get'':10 ''happen'':53,81 ''happi'':2,22,45,51,108 ''home'':88 ''hour'':3,23,46,52,109 ''it’'':58,69,80 ''know'':78 ''let'':76 ''make'':93 ''month'':28 ''nice'':9 ''notif'':98 ''offer'':49 ''one'':19 ''p.m'':31,34,64,67 ''particip'':36 ''phone'':105 ''place'':43 ''price'':17 ''push'':97 ''receiv'':107 ''redempt'':50 ''screen'':89 ''select'':25 ''starbuck'':1,21,101 ''store'':37 ''sure'':94 ''thursday'':5,26,61 ''twice'':7 ''two'':11 ''week'':56 ''we’ll'':75 ''within'':90 ''worri'':74 ''–'':4', 'Starbucks', '6200 University Blvd, Vancouver, BC V6T 1Z3', 0, '17db116f-1ed3-464e-be0e-bcbf64578582');
INSERT INTO public.promotion (id, "placeId", "promotionType", cuisine, name, description, date_added, start_date, expiration_date, tsvector, "restaurantName", "restaurantAddress", votes, "userId") VALUES ('919b425a-fa16-4921-9851-ecb0c4d79ef9', '113812asba', 'Bogo', 'Korean', 'sample name 2', 'I am another description', '2021-02-14 22:13:30.682527', '2021-02-14 22:10:40.638000', '2020-11-11 04:39:39.000000', '''2'':3 ''anoth'':6 ''descript'':7 ''name'':2 ''sampl'':1', 'SURA', '3120 Random Ave, Vancouver BC', 0, 'ea9a88aa-4a75-40c2-a594-454334b769cc');
INSERT INTO public.promotion (id, "placeId", "promotionType", cuisine, name, description, date_added, start_date, expiration_date, tsvector, "restaurantName", "restaurantAddress", votes, "userId") VALUES ('09aa1620-b4d7-4f8a-b7e6-c99b9eeca510', '113812asba', 'Bogo', 'Korean', 'sample name 2', 'I am another description', '2021-02-14 22:14:09.111150', '2021-02-14 22:10:40.638000', '2020-11-11 04:39:39.000000', '''2'':3 ''anoth'':6 ''descript'':7 ''name'':2 ''sampl'':1', 'SURA', '3120 Random Ave, Vancouver BC', 0, 'ea9a88aa-4a75-40c2-a594-454334b769cc');

INSERT INTO public.discount (id, "discountType", "discountValue", "promotionId") VALUES ('fdf9c128-6f7f-43e3-a9bf-0c094005976d', '%', 1, '9f0f98a4-ebe9-4c66-826c-2f1be3e1be53');
INSERT INTO public.discount (id, "discountType", "discountValue", "promotionId") VALUES ('0d3ab03d-aa19-494f-8c25-87c13564cafe', '%', 2, 'c14f2ef7-15df-4bba-b568-194f820c58d3');
INSERT INTO public.discount (id, "discountType", "discountValue", "promotionId") VALUES ('34500980-0ca8-4bf1-8068-3f8471b335e7', '$', 3.99, 'cd0626df-e0e4-4370-a906-f5db680575e1');
INSERT INTO public.discount (id, "discountType", "discountValue", "promotionId") VALUES ('6e81e9d6-161e-4631-8239-5e52cd271ed8', '$', 4, 'b53cb7e6-278a-4513-a19b-900bb8441f98');
INSERT INTO public.discount (id, "discountType", "discountValue", "promotionId") VALUES ('b7f1a711-6d59-4e83-b10c-a64070f5cd33', '%', 5.6, '90bf75f3-7bdc-42c4-8a14-0866c70738c2');
INSERT INTO public.discount (id, "discountType", "discountValue", "promotionId") VALUES ('cfae1484-0246-4310-88a9-10a24c1ea13b', '%', 6, '66fcc68c-2e54-4f34-b545-f2be11190990');
INSERT INTO public.discount (id, "discountType", "discountValue", "promotionId") VALUES ('2ac8ad79-c103-41ff-86d2-c76194fa9202', '$', 7, '44393e16-2c94-4e17-9209-43a7a6cff472');
INSERT INTO public.discount (id, "discountType", "discountValue", "promotionId") VALUES ('348b4f15-c0e7-4730-a413-17bc03ae90f5', '$', 8, '144a7c89-f2b4-4cee-8b32-e243e6963541');
INSERT INTO public.discount (id, "discountType", "discountValue", "promotionId") VALUES ('5e644a29-3113-46a7-98ba-0c046fcc99fb', '%', 9, '41fc3766-80ef-4678-85bd-e8254e27f46d');
INSERT INTO public.discount (id, "discountType", "discountValue", "promotionId") VALUES ('71783a3e-2030-4a96-a2ae-13a3be97311a', '%', 10, 'aa41ad9e-a738-4a60-bbb0-531272ab2f82');
INSERT INTO public.discount (id, "discountType", "discountValue", "promotionId") VALUES ('ae2b7a4e-a8a3-41d1-adfa-414ffc9c926b', '$', 11, 'df667489-22c9-4a0f-bfef-4d6a16a459fc');
INSERT INTO public.discount (id, "discountType", "discountValue", "promotionId") VALUES ('b02bfc0b-0907-47bb-8e29-2fee61a80040', '$', 12, '231e9352-cac4-436e-9be2-df88d64e8f35');
INSERT INTO public.discount (id, "discountType", "discountValue", "promotionId") VALUES ('f4341652-57b7-4b47-891d-c368d16a7aee', '%', 13, '04850627-e724-41d7-a65a-d246b2925283');
INSERT INTO public.discount (id, "discountType", "discountValue", "promotionId") VALUES ('65e67a4e-ad1f-48f8-9ad4-5ffe85044b31', '%', 14, 'eada4b95-c601-4413-833a-f951124b9a6f');
INSERT INTO public.discount (id, "discountType", "discountValue", "promotionId") VALUES ('1c5b79f7-3f82-4bf6-80a4-16ebbd180fa1', '$', 15, '32f5d30d-bf30-4019-90b4-7692db5a0e7e');
INSERT INTO public.discount (id, "discountType", "discountValue", "promotionId") VALUES ('417e7968-9910-4241-856f-8a2532f2dda1', '$', 16, '2fe55095-883b-471f-8048-f3c3c43b85bb');
INSERT INTO public.discount (id, "discountType", "discountValue", "promotionId") VALUES ('9b8d4b6a-87b9-4073-af35-bf3efed6ef2d', '%', 19.2, '919b425a-fa16-4921-9851-ecb0c4d79ef9');
INSERT INTO public.discount (id, "discountType", "discountValue", "promotionId") VALUES ('569b75d7-649a-4f39-8b01-df46d9a78a06', '%', 19.2, '09aa1620-b4d7-4f8a-b7e6-c99b9eeca510');

INSERT INTO public.schedule (id, "startTime", "endTime", "dayOfWeek", "isRecurring", "promotionId") VALUES (''4b0464b8-0e09-49a5-ac99-9b1807b6d3b0'', ''08:00:00'', ''11:00:00'', ''Monday'', false, ''9f0f98a4-ebe9-4c66-826c-2f1be3e1be53'');
INSERT INTO public.schedule (id, "startTime", "endTime", "dayOfWeek", "isRecurring", "promotionId") VALUES (''2a1efa3b-4be1-46cd-80c1-16d151e93c40'', ''09:00:00'', ''12:00:00'', ''Tuesday'', false, ''9f0f98a4-ebe9-4c66-826c-2f1be3e1be53'');
INSERT INTO public.schedule (id, "startTime", "endTime", "dayOfWeek", "isRecurring", "promotionId") VALUES (''428d40f5-41d9-42cd-934e-a85e763bca3a'', ''10:00:00'', ''13:00:00'', ''Wednesday'', false, ''c14f2ef7-15df-4bba-b568-194f820c58d3'');
INSERT INTO public.schedule (id, "startTime", "endTime", "dayOfWeek", "isRecurring", "promotionId") VALUES (''5f7278af-f279-4547-808c-a11bad29b942'', ''11:00:00'', ''14:00:00'', ''Thursday'', false, ''c14f2ef7-15df-4bba-b568-194f820c58d3'');
INSERT INTO public.schedule (id, "startTime", "endTime", "dayOfWeek", "isRecurring", "promotionId") VALUES (''418f3c7d-3b01-4c8c-b827-bd29e6d127bb'', ''12:00:00'', ''15:00:00'', ''Friday'', false, ''cd0626df-e0e4-4370-a906-f5db680575e1'');
INSERT INTO public.schedule (id, "startTime", "endTime", "dayOfWeek", "isRecurring", "promotionId") VALUES (''80828f8b-fda1-41c7-bcb6-8075ac96a180'', ''13:00:00'', ''16:00:00'', ''Saturday'', false, ''cd0626df-e0e4-4370-a906-f5db680575e1'');
INSERT INTO public.schedule (id, "startTime", "endTime", "dayOfWeek", "isRecurring", "promotionId") VALUES (''e4dda117-ec33-45ed-b8f6-e0f2db8b7d3d'', ''14:00:00'', ''17:00:00'', ''Sunday'', false, ''b53cb7e6-278a-4513-a19b-900bb8441f98'');
INSERT INTO public.schedule (id, "startTime", "endTime", "dayOfWeek", "isRecurring", "promotionId") VALUES (''f1e15b40-c39b-4051-b1fd-fd51eb843802'', ''15:00:00'', ''18:00:00'', ''Monday'', true, ''b53cb7e6-278a-4513-a19b-900bb8441f98'');
INSERT INTO public.schedule (id, "startTime", "endTime", "dayOfWeek", "isRecurring", "promotionId") VALUES (''c752a047-2594-424d-bb4f-e787dc8a02ed'', ''16:00:00'', ''19:00:00'', ''Tuesday'', true, ''90bf75f3-7bdc-42c4-8a14-0866c70738c2'');
INSERT INTO public.schedule (id, "startTime", "endTime", "dayOfWeek", "isRecurring", "promotionId") VALUES (''7e76c8ac-8ddd-4a0d-8923-53d51564d87c'', ''17:00:00'', ''20:00:00'', ''Wednesday'', true, ''90bf75f3-7bdc-42c4-8a14-0866c70738c2'');
INSERT INTO public.schedule (id, "startTime", "endTime", "dayOfWeek", "isRecurring", "promotionId") VALUES (''187939e6-7a94-43f6-8239-694e09be4528'', ''18:00:00'', ''21:00:00'', ''Thursday'', true, ''66fcc68c-2e54-4f34-b545-f2be11190990'');
INSERT INTO public.schedule (id, "startTime", "endTime", "dayOfWeek", "isRecurring", "promotionId") VALUES (''e33c4ae3-5c37-46d3-bbfe-59cf7c9601e4'', ''19:00:00'', ''22:00:00'', ''Friday'', true, ''44393e16-2c94-4e17-9209-43a7a6cff472'');
INSERT INTO public.schedule (id, "startTime", "endTime", "dayOfWeek", "isRecurring", "promotionId") VALUES (''af9715f6-94c0-42eb-acc1-74dc7e40cd65'', ''20:00:00'', ''23:00:00'', ''Saturday'', true, ''144a7c89-f2b4-4cee-8b32-e243e6963541'');
INSERT INTO public.schedule (id, "startTime", "endTime", "dayOfWeek", "isRecurring", "promotionId") VALUES (''e02222f4-86a6-46b1-914b-c622b34fed26'', ''21:00:00'', ''00:00:00'', ''Sunday'', true, ''41fc3766-80ef-4678-85bd-e8254e27f46d'');
INSERT INTO public.schedule (id, "startTime", "endTime", "dayOfWeek", "isRecurring", "promotionId") VALUES (''ed2b016e-ae28-43ec-ba64-5cdfccbd04c3'', ''08:30:00'', ''10:30:00'', ''Monday'', true, ''aa41ad9e-a738-4a60-bbb0-531272ab2f82'');
INSERT INTO public.schedule (id, "startTime", "endTime", "dayOfWeek", "isRecurring", "promotionId") VALUES (''fdae04ce-2ca0-4ff1-b302-af0b4aec2ac3'', ''09:30:00'', ''11:30:00'', ''Tuesday'', true, ''aa41ad9e-a738-4a60-bbb0-531272ab2f82'');
INSERT INTO public.schedule (id, "startTime", "endTime", "dayOfWeek", "isRecurring", "promotionId") VALUES (''d83285d4-c990-4d94-8c43-6d4c05d081f1'', ''10:30:00'', ''12:30:00'', ''Wednesday'', false, ''aa41ad9e-a738-4a60-bbb0-531272ab2f82'');
INSERT INTO public.schedule (id, "startTime", "endTime", "dayOfWeek", "isRecurring", "promotionId") VALUES (''21456a20-0b5e-4438-8f3d-81056a66e361'', ''11:30:00'', ''13:30:00'', ''Tuesday'', false, ''df667489-22c9-4a0f-bfef-4d6a16a459fc'');
INSERT INTO public.schedule (id, "startTime", "endTime", "dayOfWeek", "isRecurring", "promotionId") VALUES (''9cd32706-dfc6-493c-ba70-53f7f160e5c7'', ''12:30:00'', ''14:30:00'', ''Wednesday'', false, ''231e9352-cac4-436e-9be2-df88d64e8f35'');
INSERT INTO public.schedule (id, "startTime", "endTime", "dayOfWeek", "isRecurring", "promotionId") VALUES (''ec2ac4ab-df7a-4e67-a498-d79993c71413'', ''13:30:00'', ''15:30:00'', ''Thursday'', false, ''04850627-e724-41d7-a65a-d246b2925283'');
INSERT INTO public.schedule (id, "startTime", "endTime", "dayOfWeek", "isRecurring", "promotionId") VALUES (''fa6ad731-1d09-4bab-94b9-796dbfe7b563'', ''14:30:00'', ''16:30:00'', ''Friday'', false, ''eada4b95-c601-4413-833a-f951124b9a6f'');
INSERT INTO public.schedule (id, "startTime", "endTime", "dayOfWeek", "isRecurring", "promotionId") VALUES (''6a36adfc-6394-42c4-974b-879b93a7b32f'', ''15:30:00'', ''17:30:00'', ''Saturday'', false, ''eada4b95-c601-4413-833a-f951124b9a6f'');
INSERT INTO public.schedule (id, "startTime", "endTime", "dayOfWeek", "isRecurring", "promotionId") VALUES (''846715e2-f470-4b24-aaaa-723ab22c72d4'', ''16:30:00'', ''18:30:00'', ''Sunday'', false, ''32f5d30d-bf30-4019-90b4-7692db5a0e7e'');
INSERT INTO public.schedule (id, "startTime", "endTime", "dayOfWeek", "isRecurring", "promotionId") VALUES (''45ee3015-3245-4ac9-97d1-edf61f74f48b'', ''01:45:00'', ''06:10:00'', ''Monday'', true, ''2fe55095-883b-471f-8048-f3c3c43b85bb'');
INSERT INTO public.schedule (id, "startTime", "endTime", "dayOfWeek", "isRecurring", "promotionId") VALUES (''a0946029-7565-4d41-b383-0ba2c9318d6e'', ''02:15:00'', ''07:23:00'', ''Tuesday'', true, ''2fe55095-883b-471f-8048-f3c3c43b85bb'');
INSERT INTO public.schedule (id, "startTime", "endTime", "dayOfWeek", "isRecurring", "promotionId") VALUES (''7c5edac8-1f03-497a-b200-ebd660bd0078'', ''03:45:00'', ''08:15:00'', ''Wednesday'', true, ''2fe55095-883b-471f-8048-f3c3c43b85bb'');
INSERT INTO public.schedule (id, "startTime", "endTime", "dayOfWeek", "isRecurring", "promotionId") VALUES (''b1b152ea-0ffc-4943-96f6-0382354c1c46'', ''04:42:00'', ''09:16:00'', ''Thursday'', true, ''2fe55095-883b-471f-8048-f3c3c43b85bb'');
INSERT INTO public.schedule (id, "startTime", "endTime", "dayOfWeek", "isRecurring", "promotionId") VALUES (''02d5be87-00b8-418c-b5a2-6753451d1941'', ''08:00:00'', ''11:00:00'', ''Tuesday'', false, ''919b425a-fa16-4921-9851-ecb0c4d79ef9'');
INSERT INTO public.schedule (id, "startTime", "endTime", "dayOfWeek", "isRecurring", "promotionId") VALUES (''e8d9e1b3-780f-480f-b7c1-3ca3406334fc'', ''09:00:00'', ''12:00:00'', ''Wednesday'', false, ''919b425a-fa16-4921-9851-ecb0c4d79ef9'');
INSERT INTO public.schedule (id, "startTime", "endTime", "dayOfWeek", "isRecurring", "promotionId") VALUES (''69efb608-d538-40e7-868b-b2046ebb967e'', ''08:00:00'', ''11:00:00'', ''Tuesday'', false, ''09aa1620-b4d7-4f8a-b7e6-c99b9eeca510'');
INSERT INTO public.schedule (id, "startTime", "endTime", "dayOfWeek", "isRecurring", "promotionId") VALUES (''cfbef9d5-b787-4f74-ab31-f1312d174078'', ''09:00:00'', ''12:00:00'', ''Wednesday'', false, ''09aa1620-b4d7-4f8a-b7e6-c99b9eeca510'');

INSERT INTO public.saved_promotion ("userId", "promotionId", date_saved) VALUES ('8f8fc016-5bb2-4906-ad88-68932c438665', '9f0f98a4-ebe9-4c66-826c-2f1be3e1be53', '2021-02-14 22:10:42.432303');
INSERT INTO public.saved_promotion ("userId", "promotionId", date_saved) VALUES ('8f8fc016-5bb2-4906-ad88-68932c438665', '144a7c89-f2b4-4cee-8b32-e243e6963541', '2021-02-14 22:10:42.471812');
INSERT INTO public.saved_promotion ("userId", "promotionId", date_saved) VALUES ('8f8fc016-5bb2-4906-ad88-68932c438665', 'c14f2ef7-15df-4bba-b568-194f820c58d3', '2021-02-14 22:10:42.475146');
INSERT INTO public.saved_promotion ("userId", "promotionId", date_saved) VALUES ('8f8fc016-5bb2-4906-ad88-68932c438665', '44393e16-2c94-4e17-9209-43a7a6cff472', '2021-02-14 22:10:42.464802');
INSERT INTO public.saved_promotion ("userId", "promotionId", date_saved) VALUES ('8f8fc016-5bb2-4906-ad88-68932c438665', 'cd0626df-e0e4-4370-a906-f5db680575e1', '2021-02-14 22:10:42.476733');
INSERT INTO public.saved_promotion ("userId", "promotionId", date_saved) VALUES ('8f8fc016-5bb2-4906-ad88-68932c438665', 'b53cb7e6-278a-4513-a19b-900bb8441f98', '2021-02-14 22:10:42.482145');
INSERT INTO public.saved_promotion ("userId", "promotionId", date_saved) VALUES ('66c34e55-9dec-483f-8458-1fc50e802415', 'c14f2ef7-15df-4bba-b568-194f820c58d3', '2021-02-14 22:10:42.510161');
INSERT INTO public.saved_promotion ("userId", "promotionId", date_saved) VALUES ('66c34e55-9dec-483f-8458-1fc50e802415', '9f0f98a4-ebe9-4c66-826c-2f1be3e1be53', '2021-02-14 22:10:42.510065');
INSERT INTO public.saved_promotion ("userId", "promotionId", date_saved) VALUES ('66c34e55-9dec-483f-8458-1fc50e802415', 'cd0626df-e0e4-4370-a906-f5db680575e1', '2021-02-14 22:10:42.510294');
INSERT INTO public.saved_promotion ("userId", "promotionId", date_saved) VALUES ('66c34e55-9dec-483f-8458-1fc50e802415', 'b53cb7e6-278a-4513-a19b-900bb8441f98', '2021-02-14 22:10:42.510360');
INSERT INTO public.saved_promotion ("userId", "promotionId", date_saved) VALUES ('66c34e55-9dec-483f-8458-1fc50e802415', '90bf75f3-7bdc-42c4-8a14-0866c70738c2', '2021-02-14 22:10:42.510421');
INSERT INTO public.saved_promotion ("userId", "promotionId", date_saved) VALUES ('66c34e55-9dec-483f-8458-1fc50e802415', '66fcc68c-2e54-4f34-b545-f2be11190990', '2021-02-14 22:10:42.510489');
INSERT INTO public.saved_promotion ("userId", "promotionId", date_saved) VALUES ('60511f59-40d0-4b48-8131-9616621aecee', '9f0f98a4-ebe9-4c66-826c-2f1be3e1be53', '2021-02-14 22:10:42.525147');
INSERT INTO public.saved_promotion ("userId", "promotionId", date_saved) VALUES ('60511f59-40d0-4b48-8131-9616621aecee', '44393e16-2c94-4e17-9209-43a7a6cff472', '2021-02-14 22:10:42.525691');
INSERT INTO public.saved_promotion ("userId", "promotionId", date_saved) VALUES ('60511f59-40d0-4b48-8131-9616621aecee', '144a7c89-f2b4-4cee-8b32-e243e6963541', '2021-02-14 22:10:42.525758');
INSERT INTO public.saved_promotion ("userId", "promotionId", date_saved) VALUES ('96e22974-71ff-4b20-aaf1-c3d3363fb83c', '41fc3766-80ef-4678-85bd-e8254e27f46d', '2021-02-14 22:10:42.529983');
INSERT INTO public.saved_promotion ("userId", "promotionId", date_saved) VALUES ('96e22974-71ff-4b20-aaf1-c3d3363fb83c', '9f0f98a4-ebe9-4c66-826c-2f1be3e1be53', '2021-02-14 22:10:42.529937');
INSERT INTO public.saved_promotion ("userId", "promotionId", date_saved) VALUES ('96e22974-71ff-4b20-aaf1-c3d3363fb83c', 'aa41ad9e-a738-4a60-bbb0-531272ab2f82', '2021-02-14 22:10:42.530030');
INSERT INTO public.saved_promotion ("userId", "promotionId", date_saved) VALUES ('30b1d16d-1d41-4482-8729-89bdd0a7fa91', '9f0f98a4-ebe9-4c66-826c-2f1be3e1be53', '2021-02-14 22:10:42.538809');
INSERT INTO public.saved_promotion ("userId", "promotionId", date_saved) VALUES ('30b1d16d-1d41-4482-8729-89bdd0a7fa91', 'aa41ad9e-a738-4a60-bbb0-531272ab2f82', '2021-02-14 22:10:42.538910');
INSERT INTO public.saved_promotion ("userId", "promotionId", date_saved) VALUES ('30b1d16d-1d41-4482-8729-89bdd0a7fa91', 'df667489-22c9-4a0f-bfef-4d6a16a459fc', '2021-02-14 22:10:42.539031');
INSERT INTO public.saved_promotion ("userId", "promotionId", date_saved) VALUES ('30b1d16d-1d41-4482-8729-89bdd0a7fa91', 'c14f2ef7-15df-4bba-b568-194f820c58d3', '2021-02-14 22:10:42.539052');
INSERT INTO public.saved_promotion ("userId", "promotionId", date_saved) VALUES ('30b1d16d-1d41-4482-8729-89bdd0a7fa91', 'cd0626df-e0e4-4370-a906-f5db680575e1', '2021-02-14 22:10:42.539129');
INSERT INTO public.saved_promotion ("userId", "promotionId", date_saved) VALUES ('08825990-71a3-4984-bf5f-faa942359e99', '9f0f98a4-ebe9-4c66-826c-2f1be3e1be53', '2021-02-14 22:10:42.551219');
INSERT INTO public.saved_promotion ("userId", "promotionId", date_saved) VALUES ('08825990-71a3-4984-bf5f-faa942359e99', '231e9352-cac4-436e-9be2-df88d64e8f35', '2021-02-14 22:10:42.551570');
INSERT INTO public.saved_promotion ("userId", "promotionId", date_saved) VALUES ('08825990-71a3-4984-bf5f-faa942359e99', 'df667489-22c9-4a0f-bfef-4d6a16a459fc', '2021-02-14 22:10:42.551769');
INSERT INTO public.saved_promotion ("userId", "promotionId", date_saved) VALUES ('08825990-71a3-4984-bf5f-faa942359e99', '04850627-e724-41d7-a65a-d246b2925283', '2021-02-14 22:10:42.551827');
INSERT INTO public.saved_promotion ("userId", "promotionId", date_saved) VALUES ('08825990-71a3-4984-bf5f-faa942359e99', 'eada4b95-c601-4413-833a-f951124b9a6f', '2021-02-14 22:10:42.551894');
INSERT INTO public.saved_promotion ("userId", "promotionId", date_saved) VALUES ('08825990-71a3-4984-bf5f-faa942359e99', '32f5d30d-bf30-4019-90b4-7692db5a0e7e', '2021-02-14 22:10:42.551959');
INSERT INTO public.saved_promotion ("userId", "promotionId", date_saved) VALUES ('08825990-71a3-4984-bf5f-faa942359e99', '2fe55095-883b-471f-8048-f3c3c43b85bb', '2021-02-14 22:10:42.568527');
INSERT INTO public.saved_promotion ("userId", "promotionId", date_saved) VALUES ('17db116f-1ed3-464e-be0e-bcbf64578582', '9f0f98a4-ebe9-4c66-826c-2f1be3e1be53', '2021-02-14 22:10:42.577464');
INSERT INTO public.saved_promotion ("userId", "promotionId", date_saved) VALUES ('17db116f-1ed3-464e-be0e-bcbf64578582', 'c14f2ef7-15df-4bba-b568-194f820c58d3', '2021-02-14 22:10:42.577588');
INSERT INTO public.saved_promotion ("userId", "promotionId", date_saved) VALUES ('17db116f-1ed3-464e-be0e-bcbf64578582', 'cd0626df-e0e4-4370-a906-f5db680575e1', '2021-02-14 22:10:42.577642');
INSERT INTO public.saved_promotion ("userId", "promotionId", date_saved) VALUES ('17db116f-1ed3-464e-be0e-bcbf64578582', 'b53cb7e6-278a-4513-a19b-900bb8441f98', '2021-02-14 22:10:42.577691');
INSERT INTO public.saved_promotion ("userId", "promotionId", date_saved) VALUES ('17db116f-1ed3-464e-be0e-bcbf64578582', '90bf75f3-7bdc-42c4-8a14-0866c70738c2', '2021-02-14 22:10:42.577735');
INSERT INTO public.saved_promotion ("userId", "promotionId", date_saved) VALUES ('17db116f-1ed3-464e-be0e-bcbf64578582', '66fcc68c-2e54-4f34-b545-f2be11190990', '2021-02-14 22:10:42.577785');
INSERT INTO public.saved_promotion ("userId", "promotionId", date_saved) VALUES ('17db116f-1ed3-464e-be0e-bcbf64578582', '44393e16-2c94-4e17-9209-43a7a6cff472', '2021-02-14 22:10:42.577829');
INSERT INTO public.saved_promotion ("userId", "promotionId", date_saved) VALUES ('17db116f-1ed3-464e-be0e-bcbf64578582', 'df667489-22c9-4a0f-bfef-4d6a16a459fc', '2021-02-14 22:10:42.590262');
INSERT INTO public.saved_promotion ("userId", "promotionId", date_saved) VALUES ('17db116f-1ed3-464e-be0e-bcbf64578582', '231e9352-cac4-436e-9be2-df88d64e8f35', '2021-02-14 22:10:42.591066');
INSERT INTO public.saved_promotion ("userId", "promotionId", date_saved) VALUES ('17db116f-1ed3-464e-be0e-bcbf64578582', 'eada4b95-c601-4413-833a-f951124b9a6f', '2021-02-14 22:10:42.591311');
INSERT INTO public.saved_promotion ("userId", "promotionId", date_saved) VALUES ('17db116f-1ed3-464e-be0e-bcbf64578582', '04850627-e724-41d7-a65a-d246b2925283', '2021-02-14 22:10:42.591221');
INSERT INTO public.saved_promotion ("userId", "promotionId", date_saved) VALUES ('17db116f-1ed3-464e-be0e-bcbf64578582', '32f5d30d-bf30-4019-90b4-7692db5a0e7e', '2021-02-14 22:10:42.595852');
INSERT INTO public.saved_promotion ("userId", "promotionId", date_saved) VALUES ('17db116f-1ed3-464e-be0e-bcbf64578582', '41fc3766-80ef-4678-85bd-e8254e27f46d', '2021-02-14 22:10:42.596629');
INSERT INTO public.saved_promotion ("userId", "promotionId", date_saved) VALUES ('17db116f-1ed3-464e-be0e-bcbf64578582', 'aa41ad9e-a738-4a60-bbb0-531272ab2f82', '2021-02-14 22:10:42.597639');
INSERT INTO public.saved_promotion ("userId", "promotionId", date_saved) VALUES ('17db116f-1ed3-464e-be0e-bcbf64578582', '2fe55095-883b-471f-8048-f3c3c43b85bb', '2021-02-14 22:10:42.596974');
INSERT INTO public.saved_promotion ("userId", "promotionId", date_saved) VALUES ('17db116f-1ed3-464e-be0e-bcbf64578582', '144a7c89-f2b4-4cee-8b32-e243e6963541', '2021-02-14 22:10:42.603530');