SET CLIENT_ENCODING TO 'utf8';

INSERT INTO public.user_profile (id, first_name, last_name, email, username, password) VALUES ('bbefc714-686b-430a-9490-8976de13aa50', 'John', 'Smith', 'smith.j@sample.com', 'user1', '$2a$08$7tbWA4Iv1xuZCBNuJEBuEuDmWGeGRiDjTFuPA1Olx1Kz3flEXnJTu');
INSERT INTO public.user_profile (id, first_name, last_name, email, username, password) VALUES ('eae0bb2f-9e60-4b39-9f33-87809b45a2a5', 'Asa', 'Edward', 'edward.a@sample.com', 'user2', '$2a$08$9QpYy1EXy6ZWUXwj6xiH5umX79uHEshGa.ONYqYJlbf9FmDTuMkRW');
INSERT INTO public.user_profile (id, first_name, last_name, email, username, password) VALUES ('3206dc6f-186b-4981-8d0f-2687ba89e3c4', 'Harry', 'James', 'james.h@sample.com', 'user3', '$2a$08$wZcMWV1DdmJir.G1fyuVrubeOhPVIfn2Ns3B0Y35gSXxLt4VBoeum');
INSERT INTO public.user_profile (id, first_name, last_name, email, username, password) VALUES ('43975331-4bcb-4563-b833-23781d9a5972', 'Timothy', 'Dodson', 'dodson.t@sample.com', 'user4', '$2a$08$ygWDT3WQdiKQDlmIw7UdWuGtCI.7B4p0YtXMchvbnhoqBXj79EoBm');
INSERT INTO public.user_profile (id, first_name, last_name, email, username, password) VALUES ('a0c4958b-c31f-4603-9d2d-4fbd082b5b98', 'Yuri', 'Davis', 'davis.y@sample.com', 'user5', '$2a$08$5epG1bCFiwtq8gPuxIki8eHQYNQRxlhhVGKXN/Cyp1qUgn76V4bRK');
INSERT INTO public.user_profile (id, first_name, last_name, email, username, password) VALUES ('d67eca53-c2fe-4036-9c80-9fa0fdeb6c40', 'Ethal', 'May', 'may.e@sample.com', 'user6', '$2a$08$yzAAsui5u7RJmFLVWKPzB.SZwDgY1xql/q2jVEmsr4Lyovr3xZoKG');
INSERT INTO public.user_profile (id, first_name, last_name, email, username, password) VALUES ('be8e9374-6fb9-4686-b28e-06c8eb1e1646', 'Ruby', 'Eleanor', 'eleanor.r@sample.com', 'user7', '$2a$08$4TJlxhpPDOr84q9mmUaXFOm/52gRndXG8L4QQeeBc.45MEgvtInAu');

INSERT INTO public.promotion (id, "placeId", "promotionType", cuisine, name, description, date_added, start_date, expiration_date, tsvector, "restaurantName", votes, "userId") VALUES ('e3c636d3-1501-4471-801a-7bbd47b2d38d', 'ChIJIfBAsjeuEmsRdgu9Pl1Ps48', 'Bogo', 'Caribbean', 'Fries for Good - November 10th - 30th', 'From November 10th to 30th a portion of the proceeds from every order of fries sold will be donated to Ronald McDonald House Charities Canada. All fries, whether bought alone, or in a meal will help!
  It’s never been easier to give back - all you have to do is eat your favourite fries (120-560 cals)! You can order them in-restaurant, at the drive thru, through McDelivery or you can order ahead on the McDonald’s app.
  If you’re looking for more ways to help families with sick children you can always round up your order - even when Fries for Good is over. When you finish placing your order, simply ask to “Round Up for RMHC” at participating McDonald’s restaurants, and your order will be rounded to the nearest dollar. The difference will be donated to RMHC Canada.', '2021-01-08 05:51:47.131657', '2021-01-08 05:51:45.087000', '2021-01-08 05:51:45.087000', '''-560'':61 ''10th'':5,9 ''120'':60 ''30th'':6,11 ''ahead'':80 ''alon'':36 ''alway'':99 ''app'':84 ''ask'':118 ''back'':49 ''bought'':35 ''cal'':62 ''canada'':31,145 ''chariti'':30 ''children'':96 ''differ'':139 ''dollar'':137 ''donat'':25,142 ''drive'':72 ''easier'':46 ''eat'':56 ''even'':104 ''everi'':18 ''famili'':93 ''favourit'':58 ''finish'':113 ''fri'':1,21,33,59,106 ''give'':48 ''good'':3,108 ''help'':42,92 ''hous'':29 ''in-restaur'':67 ''it’'':43 ''look'':87 ''mcdeliveri'':75 ''mcdonald'':28 ''mcdonald’'':83,126 ''meal'':40 ''nearest'':136 ''never'':44 ''novemb'':4,8 ''order'':19,65,79,103,116,130 ''particip'':125 ''place'':114 ''portion'':13 ''proceed'':16 ''restaur'':69,127 ''rmhc'':144 ''rmhc”'':123 ''ronald'':27 ''round'':100,133 ''sick'':95 ''simpli'':117 ''sold'':22 ''thru'':73 ''way'':90 ''whether'':34 ''you’r'':86 ''“round'':120', 'A&W', 0, 'bbefc714-686b-430a-9490-8976de13aa50');
INSERT INTO public.promotion (id, "placeId", "promotionType", cuisine, name, description, date_added, start_date, expiration_date, tsvector, "restaurantName", votes, "userId") VALUES ('7b3c1b86-7680-465e-b3e3-9a1f35e99d34', 'ChIJ5xQ7szeuEmsRs6Kj7YFZE9k', 'Happy Hour', 'Vietnamese', 'Happy Hour At Pearl Castle Cafe', 'Just for a limited time happy hour deals starting at 7 pm. Drinks will be 15% off!', '2021-01-08 05:51:47.225337', '2021-01-08 05:51:45.087000', '2021-01-08 05:51:45.087000', '''15'':22 ''7'':17 ''cafe'':6 ''castl'':5 ''deal'':14 ''drink'':19 ''happi'':1,12 ''hour'':2,13 ''limit'':10 ''pearl'':4 ''pm'':18 ''start'':15 ''time'':11', 'Pearl Castle Cafe', 0, 'eae0bb2f-9e60-4b39-9f33-87809b45a2a5');
INSERT INTO public.promotion (id, "placeId", "promotionType", cuisine, name, description, date_added, start_date, expiration_date, tsvector, "restaurantName", votes, "userId") VALUES ('c1cef920-45e3-4d03-811f-c1327b00b8b7', 'ChIJb0n5cWl3hlQRIbVGYLiTEgE', 'Other', 'Korean', 'Thanksgiving Promotion Right Now!', 'Every item on the menu for Wendy''s is cheaper than usual. This promotion runs every Friday', '2021-01-08 05:51:47.232396', '2021-01-08 05:51:45.087000', '2021-01-08 05:51:45.087000', '''cheaper'':14 ''everi'':5,20 ''friday'':21 ''item'':6 ''menu'':9 ''promot'':2,18 ''right'':3 ''run'':19 ''thanksgiv'':1 ''usual'':16 ''wendi'':11', 'Wendys', 0, 'eae0bb2f-9e60-4b39-9f33-87809b45a2a5');
INSERT INTO public.promotion (id, "placeId", "promotionType", cuisine, name, description, date_added, start_date, expiration_date, tsvector, "restaurantName", votes, "userId") VALUES ('3a19c66a-7e80-4afc-a2c0-8cf44af68506', 'ChIJIfBAsjeuEmsRdgu9Pl1Ps48', 'Bogo', 'Japanese', 'Saffron Indian Cuisine: 10% off pickup orders over $20', 'Lifetime; 10% off pick up orders over $20.00; #5 - 4300 Kingsway, Burnaby', '2021-01-08 05:51:47.239456', '2021-01-08 05:51:45.087000', '2021-01-08 05:51:45.087000', '''10'':4,11 ''20'':9 ''20.00'':17 ''4300'':19 ''5'':18 ''burnabi'':21 ''cuisin'':3 ''indian'':2 ''kingsway'':20 ''lifetim'':10 ''order'':7,15 ''pick'':13 ''pickup'':6 ''saffron'':1', 'Saffron Indian Cuisine', 0, 'eae0bb2f-9e60-4b39-9f33-87809b45a2a5');
INSERT INTO public.promotion (id, "placeId", "promotionType", cuisine, name, description, date_added, start_date, expiration_date, tsvector, "restaurantName", votes, "userId") VALUES ('6a2d6248-a36a-46d2-ac96-112aa7965c3a', 'ChIJ5xQ7szeuEmsRs6Kj7YFZE9k', 'Happy Hour', 'Other', '54th Cafe Restaurant: Free items with pick-up orders', 'Pick-up only: Over $30 order - free spring rolls (2), over $45 order - free fried rice, over $65 order: free honey or dry garlic spareribs;; address is 7088 Kerr Street', '2021-01-08 05:51:47.245716', '2021-01-08 05:51:45.087000', '2021-01-08 05:51:45.087000', '''2'':21 ''30'':16 ''45'':23 ''54th'':1 ''65'':29 ''7088'':39 ''address'':37 ''cafe'':2 ''dri'':34 ''free'':4,18,25,31 ''fri'':26 ''garlic'':35 ''honey'':32 ''item'':5 ''kerr'':40 ''order'':10,17,24,30 ''pick'':8,12 ''pick-up'':7,11 ''restaur'':3 ''rice'':27 ''roll'':20 ''sparerib'':36 ''spring'':19 ''street'':41', '54th Cafe Restaurant', 0, '3206dc6f-186b-4981-8d0f-2687ba89e3c4');
INSERT INTO public.promotion (id, "placeId", "promotionType", cuisine, name, description, date_added, start_date, expiration_date, tsvector, "restaurantName", votes, "userId") VALUES ('416fa617-ce64-4a62-96df-ce9f4c8042c4', 'ChIJb0n5cWl3hlQRIbVGYLiTEgE', 'Other', 'Caribbean', 'McDonalds $1.00 Coffee any size starting Monday Nov. 30th', 'Event starts Monday, November 30th and you can get any size McCafé premium roast coffee for $1.00.', '2021-01-08 05:51:47.251979', '2021-01-08 05:51:45.087000', '2021-01-08 05:51:45.087000', '''1.00'':2,26 ''30th'':9,14 ''coffe'':3,24 ''event'':10 ''get'':18 ''mccafé'':21 ''mcdonald'':1 ''monday'':7,12 ''nov'':8 ''novemb'':13 ''premium'':22 ''roast'':23 ''size'':5,20 ''start'':6,11', 'McDonalds', 0, '43975331-4bcb-4563-b833-23781d9a5972');
INSERT INTO public.promotion (id, "placeId", "promotionType", cuisine, name, description, date_added, start_date, expiration_date, tsvector, "restaurantName", votes, "userId") VALUES ('1e065163-7e03-4521-90ba-54b497731667', 'ChIJIfBAsjeuEmsRdgu9Pl1Ps48', 'Bogo', 'Vietnamese', 'Starbucks Free drink when ordering through the app', 'Make a purchase using the Starbucks app from 11/23 to 11/29 at participating stores and get a coupon code loaded to your account for a free standard menu size handcrafted drink. Excludes purchases of alcohol, Starbucks Cards and Starbucks Card reloads.', '2021-01-08 05:51:47.258329', '2021-01-08 05:51:45.087000', '2021-01-08 05:51:45.087000', '''11/23'':17 ''11/29'':19 ''account'':31 ''alcohol'':43 ''app'':8,15 ''card'':45,48 ''code'':27 ''coupon'':26 ''drink'':3,39 ''exclud'':40 ''free'':2,34 ''get'':24 ''handcraft'':38 ''load'':28 ''make'':9 ''menu'':36 ''order'':5 ''particip'':21 ''purchas'':11,41 ''reload'':49 ''size'':37 ''standard'':35 ''starbuck'':1,14,44,47 ''store'':22 ''use'':12', 'Starbucks', 0, 'a0c4958b-c31f-4603-9d2d-4fbd082b5b98');
INSERT INTO public.promotion (id, "placeId", "promotionType", cuisine, name, description, date_added, start_date, expiration_date, tsvector, "restaurantName", votes, "userId") VALUES ('68edca6d-b259-4ae1-85da-d65661b8ee6a', 'ChIJ5xQ7szeuEmsRs6Kj7YFZE9k', 'Happy Hour', 'Korean', 'A&W Free Coffee: One Per Day Per Person until November 30th', 'For us, great burgers come first. Since 2013 we’ve been serving beef raised without artificial hormones and steroids, and now all our beef is also grass-fed. Grass-fed beef is as simple as it sounds — cattle only graze on grass and other forage, like hay. We source our grass-fed beef from select ranches in Canada, the US, Australia and New Zealand, and are committed to offering Canadians burgers they can confidently enjoy.', '2021-01-08 05:51:47.266270', '2021-01-08 05:51:45.087000', '2021-01-08 05:51:45.087000', '''2013'':20 ''30th'':12 ''also'':37 ''artifici'':27 ''australia'':76 ''beef'':24,35,44,68 ''burger'':16,86 ''canada'':73 ''canadian'':85 ''cattl'':52 ''coffe'':4 ''come'':17 ''commit'':82 ''confid'':89 ''day'':7 ''enjoy'':90 ''fed'':40,43,67 ''first'':18 ''forag'':59 ''free'':3 ''grass'':39,42,56,66 ''grass-f'':38,41,65 ''graze'':54 ''great'':15 ''hay'':61 ''hormon'':28 ''like'':60 ''new'':78 ''novemb'':11 ''offer'':84 ''one'':5 ''per'':6,8 ''person'':9 ''rais'':25 ''ranch'':71 ''select'':70 ''serv'':23 ''simpl'':47 ''sinc'':19 ''sound'':50 ''sourc'':63 ''steroid'':30 ''us'':14,75 ''w'':2 ''we’v'':21 ''without'':26 ''zealand'':79 ''—'':51', 'A&W', 0, 'a0c4958b-c31f-4603-9d2d-4fbd082b5b98');
INSERT INTO public.promotion (id, "placeId", "promotionType", cuisine, name, description, date_added, start_date, expiration_date, tsvector, "restaurantName", votes, "userId") VALUES ('0177be6c-0bc8-4de9-b532-e0432786b705', 'ChIJb0n5cWl3hlQRIbVGYLiTEgE', 'Other', 'Japanese', '50% off Domino''s on Mon, Tues, Wed', '50% off all pizzas- Monday, Tuesday and Wednesday Only! Online Only (Code 8722).', '2021-01-08 05:51:47.275737', '2021-01-08 05:51:45.087000', '2021-01-08 05:51:45.087000', '''50'':1,9 ''8722'':21 ''code'':20 ''domino'':3 ''mon'':6 ''monday'':13 ''onlin'':18 ''pizza'':12 ''tue'':7 ''tuesday'':14 ''wed'':8 ''wednesday'':16', 'Dominos', 0, 'd67eca53-c2fe-4036-9c80-9fa0fdeb6c40');
INSERT INTO public.promotion (id, "placeId", "promotionType", cuisine, name, description, date_added, start_date, expiration_date, tsvector, "restaurantName", votes, "userId") VALUES ('7c1a925b-3746-4b65-b970-61a48c6af9ec', 'ChIJIfBAsjeuEmsRdgu9Pl1Ps48', 'Bogo', 'Other', 'Quesada - 50% off 2nd large ground beef burrito until Nov 22', 'Extended until Nov 22. Buy One Large Ground Beef Burrito and get the second Large Ground Beef Burrito for 50% off when you order online at quesada.ca or through the Quesada App. Use your exclusive promo code “GROUNDBEEF” at checkout.', '2021-01-08 05:51:47.282975', '2021-01-08 05:51:45.087000', '2021-01-08 05:51:45.087000', '''22'':11,15 ''2nd'':4 ''50'':2,31 ''app'':43 ''beef'':7,20,28 ''burrito'':8,21,29 ''buy'':16 ''checkout'':51 ''code'':48 ''exclus'':46 ''extend'':12 ''get'':23 ''ground'':6,19,27 ''larg'':5,18,26 ''nov'':10,14 ''one'':17 ''onlin'':36 ''order'':35 ''promo'':47 ''quesada'':1,42 ''quesada.ca'':38 ''second'':25 ''use'':44 ''“groundbeef”'':49', 'Quesada', 0, 'd67eca53-c2fe-4036-9c80-9fa0fdeb6c40');
INSERT INTO public.promotion (id, "placeId", "promotionType", cuisine, name, description, date_added, start_date, expiration_date, tsvector, "restaurantName", votes, "userId") VALUES ('711e9fec-d41b-4c3d-985a-876e71c5386a', 'ChIJ5xQ7szeuEmsRs6Kj7YFZE9k', 'Happy Hour', 'Caribbean', 'Katsuya 30% off Takeout @ North York, Scarborough, Yorkdale, Downtown Toronto', 'Takeout 30% off at Katsuya. Applicable on all their Katsu menu. Cash Only. Only applicable at these following locations: North York, Downtown Toronto, Scarborough, Yorkdale', '2021-01-08 05:51:47.290402', '2021-01-08 05:51:45.087000', '2021-01-08 05:51:45.087000', '''30'':2,12 ''applic'':16,25 ''cash'':22 ''downtown'':9,32 ''follow'':28 ''katsu'':20 ''katsuya'':1,15 ''locat'':29 ''menu'':21 ''north'':5,30 ''scarborough'':7,34 ''takeout'':4,11 ''toronto'':10,33 ''york'':6,31 ''yorkdal'':8,35', 'Katsuya', 0, 'be8e9374-6fb9-4686-b28e-06c8eb1e1646');
INSERT INTO public.promotion (id, "placeId", "promotionType", cuisine, name, description, date_added, start_date, expiration_date, tsvector, "restaurantName", votes, "userId") VALUES ('70ba6ecd-5ad2-455f-83e3-a8e4ada61e9b', 'ChIJb0n5cWl3hlQRIbVGYLiTEgE', 'Other', 'Vietnamese', '7 Eleven $5 meal deal', 'Every Wednesday in November you can get an 8 inch sub, bag of 7 select chips, and a bottle of AHA water', '2021-01-08 05:51:47.296402', '2021-01-08 05:51:45.087000', '2021-01-08 05:51:45.087000', '''5'':3 ''7'':1,19 ''8'':14 ''aha'':26 ''bag'':17 ''bottl'':24 ''chip'':21 ''deal'':5 ''eleven'':2 ''everi'':6 ''get'':12 ''inch'':15 ''meal'':4 ''novemb'':9 ''select'':20 ''sub'':16 ''water'':27 ''wednesday'':7', '7 Eleven', 0, 'be8e9374-6fb9-4686-b28e-06c8eb1e1646');
INSERT INTO public.promotion (id, "placeId", "promotionType", cuisine, name, description, date_added, start_date, expiration_date, tsvector, "restaurantName", votes, "userId") VALUES ('7c1d1a3a-5034-4c14-8106-1bb5ac1acf39', 'ChIJIfBAsjeuEmsRdgu9Pl1Ps48', 'Bogo', 'Korean', 'Swiss Chalet festive special returns, now includes $10 Chalet Cash voucher. Also BOGO 591ml Pepsi products', 'Visit https://www.swisschalet.com/en.html to get more details', '2021-01-08 05:51:47.302161', '2021-01-08 05:51:45.087000', '2021-01-08 05:51:45.087000', '''/en.html'':20 ''10'':8 ''591ml'':14 ''also'':12 ''bogo'':13 ''cash'':10 ''chalet'':2,9 ''detail'':24 ''festiv'':3 ''get'':22 ''includ'':7 ''pepsi'':15 ''product'':16 ''return'':5 ''special'':4 ''swiss'':1 ''visit'':17 ''voucher'':11 ''www.swisschalet.com'':19 ''www.swisschalet.com/en.html'':18', 'Swiss Chalet', 0, 'be8e9374-6fb9-4686-b28e-06c8eb1e1646');
INSERT INTO public.promotion (id, "placeId", "promotionType", cuisine, name, description, date_added, start_date, expiration_date, tsvector, "restaurantName", votes, "userId") VALUES ('64006a27-aef6-4668-aed6-e87776f893e5', 'ChIJ5xQ7szeuEmsRs6Kj7YFZE9k', 'Happy Hour', 'Japanese', 'Tea18 $2 Bubble Tea', 'The store is located at 495 Bloor St West.', '2021-01-08 05:51:47.308161', '2021-01-08 05:51:45.087000', '2021-01-08 05:51:45.087000', '''2'':2 ''495'':10 ''bloor'':11 ''bubbl'':3 ''locat'':8 ''st'':12 ''store'':6 ''tea'':4 ''tea18'':1 ''west'':13', 'Tea18', 0, 'be8e9374-6fb9-4686-b28e-06c8eb1e1646');
INSERT INTO public.promotion (id, "placeId", "promotionType", cuisine, name, description, date_added, start_date, expiration_date, tsvector, "restaurantName", votes, "userId") VALUES ('ac23c64d-c872-4a60-a5a4-f767c58c7ab0', 'ChIJb0n5cWl3hlQRIbVGYLiTEgE', 'Other', 'Other', 'The Old Spaghetti Factory - Buy a $25 Gift Card Get $10 Bonus Card', 'From now until December 31st, for every $25 in Gift Cards purchased, get a FREE $10 Bonus Card. Click ''ORDER NOW'', or purchase in-store! *Gift Cards valid in Canada only. Gift Cards are not valid on date of purchase. Bonus Cards are valid from January 1st to March 15th, 2021. One Bonus Card redemption per table visit.', '2021-01-08 05:51:47.318362', '2021-01-08 05:51:45.087000', '2021-01-08 05:51:45.087000', '''10'':11,29 ''15th'':64 ''1st'':61 ''2021'':65 ''25'':7,21 ''31st'':18 ''bonus'':12,30,55,67 ''buy'':5 ''canada'':44 ''card'':9,13,24,31,41,47,56,68 ''click'':32 ''date'':52 ''decemb'':17 ''everi'':20 ''factori'':4 ''free'':28 ''get'':10,26 ''gift'':8,23,40,46 ''in-stor'':37 ''januari'':60 ''march'':63 ''old'':2 ''one'':66 ''order'':33 ''per'':70 ''purchas'':25,36,54 ''redempt'':69 ''spaghetti'':3 ''store'':39 ''tabl'':71 ''valid'':42,50,58 ''visit'':72', 'The Old Spaghetti Factory', 0, 'be8e9374-6fb9-4686-b28e-06c8eb1e1646');
INSERT INTO public.promotion (id, "placeId", "promotionType", cuisine, name, description, date_added, start_date, expiration_date, tsvector, "restaurantName", votes, "userId") VALUES ('9f1c9970-de98-43a0-ac50-8a285e1e3b0e', 'ChIJIfBAsjeuEmsRdgu9Pl1Ps48', 'Bogo', 'Caribbean', 'Starbucks Happy Hour – Thursdays are twice as nice', 'Get two of your favourites for the price of one during Starbucks Happy Hour on select Thursdays each month, from 2 p.m. to 7 p.m. at participating stores. Our app is the best place for Happy Hour alerts and offer redemptions. Happy Hour happens every few weeks. But it’s always a Thursday from 2 p.m. to 7 p.m. and it’s always BOGO. And don’t worry, we’ll let you know when it’s happening and add the coupons to your home screen within the app. Make sure to enable push notifications for the Starbucks app on your phone to receive Happy Hour alerts.', '2021-01-08 05:51:47.324315', '2021-01-08 05:51:45.087000', '2021-01-08 05:51:45.087000', '''2'':30,63 ''7'':33,66 ''add'':83 ''alert'':47,110 ''alway'':59,70 ''app'':39,92,102 ''best'':42 ''bogo'':71 ''coupon'':85 ''don’t'':73 ''enabl'':96 ''everi'':54 ''favourit'':14 ''get'':10 ''happen'':53,81 ''happi'':2,22,45,51,108 ''home'':88 ''hour'':3,23,46,52,109 ''it’'':58,69,80 ''know'':78 ''let'':76 ''make'':93 ''month'':28 ''nice'':9 ''notif'':98 ''offer'':49 ''one'':19 ''p.m'':31,34,64,67 ''particip'':36 ''phone'':105 ''place'':43 ''price'':17 ''push'':97 ''receiv'':107 ''redempt'':50 ''screen'':89 ''select'':25 ''starbuck'':1,21,101 ''store'':37 ''sure'':94 ''thursday'':5,26,61 ''twice'':7 ''two'':11 ''week'':56 ''we’ll'':75 ''within'':90 ''worri'':74 ''–'':4', 'Starbucks', 0, 'be8e9374-6fb9-4686-b28e-06c8eb1e1646');

INSERT INTO public.discount (id, "discountType", "discountValue", "promotionId") VALUES ('67670a21-812e-4359-b2b4-618795e87477', '%', 1, 'e3c636d3-1501-4471-801a-7bbd47b2d38d');
INSERT INTO public.discount (id, "discountType", "discountValue", "promotionId") VALUES ('a10a8c18-d29d-41fa-805a-4e62351db7fd', '%', 2, '7b3c1b86-7680-465e-b3e3-9a1f35e99d34');
INSERT INTO public.discount (id, "discountType", "discountValue", "promotionId") VALUES ('0a275fa8-bc50-4bee-8cf3-1db3401a7695', '$', 3.99, 'c1cef920-45e3-4d03-811f-c1327b00b8b7');
INSERT INTO public.discount (id, "discountType", "discountValue", "promotionId") VALUES ('5e2201f0-1996-4978-888f-427f92fdf97f', '$', 4, '3a19c66a-7e80-4afc-a2c0-8cf44af68506');
INSERT INTO public.discount (id, "discountType", "discountValue", "promotionId") VALUES ('ce8af5f3-c871-43af-b61f-5dc18f4d588a', '%', 5.6, '6a2d6248-a36a-46d2-ac96-112aa7965c3a');
INSERT INTO public.discount (id, "discountType", "discountValue", "promotionId") VALUES ('a7bc6777-580e-467f-964b-bc6f4efd4fb5', '%', 6, '416fa617-ce64-4a62-96df-ce9f4c8042c4');
INSERT INTO public.discount (id, "discountType", "discountValue", "promotionId") VALUES ('7815a61e-0d45-43d4-b1b9-f61f1ce4c00d', '$', 7, '1e065163-7e03-4521-90ba-54b497731667');
INSERT INTO public.discount (id, "discountType", "discountValue", "promotionId") VALUES ('3cd59940-67de-498f-b9c8-322439426525', '$', 8, '68edca6d-b259-4ae1-85da-d65661b8ee6a');
INSERT INTO public.discount (id, "discountType", "discountValue", "promotionId") VALUES ('a8425da2-792c-4fee-b66b-d46daa763719', '%', 9, '0177be6c-0bc8-4de9-b532-e0432786b705');
INSERT INTO public.discount (id, "discountType", "discountValue", "promotionId") VALUES ('c7a17d02-c25c-4597-ae2a-1e97542e5cbd', '%', 10, '7c1a925b-3746-4b65-b970-61a48c6af9ec');
INSERT INTO public.discount (id, "discountType", "discountValue", "promotionId") VALUES ('83a57717-7320-4477-8481-34faee614cb5', '$', 11, '711e9fec-d41b-4c3d-985a-876e71c5386a');
INSERT INTO public.discount (id, "discountType", "discountValue", "promotionId") VALUES ('7a1e19a3-041f-45aa-a61e-4f39b992f7b7', '$', 12, '70ba6ecd-5ad2-455f-83e3-a8e4ada61e9b');
INSERT INTO public.discount (id, "discountType", "discountValue", "promotionId") VALUES ('3975e7f6-0536-422d-aada-d9ee26b32ee7', '%', 13, '7c1d1a3a-5034-4c14-8106-1bb5ac1acf39');
INSERT INTO public.discount (id, "discountType", "discountValue", "promotionId") VALUES ('bab554f2-a5e1-4922-9ffd-53aefa7761cc', '%', 14, '64006a27-aef6-4668-aed6-e87776f893e5');
INSERT INTO public.discount (id, "discountType", "discountValue", "promotionId") VALUES ('7274d32a-93c4-4e1f-98c0-d24be7a58e71', '$', 15, 'ac23c64d-c872-4a60-a5a4-f767c58c7ab0');
INSERT INTO public.discount (id, "discountType", "discountValue", "promotionId") VALUES ('1b298a15-7574-4b58-8970-75e93e419fe1', '$', 16, '9f1c9970-de98-43a0-ac50-8a285e1e3b0e');

INSERT INTO public.schedule (id, "startTime", "endTime", "dayOfWeek", "isRecurring", "promotionId") VALUES ('f22d31e3-6097-4360-a796-ac7cafe37a30', '08:00:00', '11:00:00', 'Monday', false, 'e3c636d3-1501-4471-801a-7bbd47b2d38d');
INSERT INTO public.schedule (id, "startTime", "endTime", "dayOfWeek", "isRecurring", "promotionId") VALUES ('6e77f626-bdbf-4460-b19d-c1ca596b23d6', '09:00:00', '12:00:00', 'Tuesday', false, 'e3c636d3-1501-4471-801a-7bbd47b2d38d');
INSERT INTO public.schedule (id, "startTime", "endTime", "dayOfWeek", "isRecurring", "promotionId") VALUES ('1f8e6233-4833-4c93-895b-dc50aba09dbb', '10:00:00', '13:00:00', 'Wednesday', false, '7b3c1b86-7680-465e-b3e3-9a1f35e99d34');
INSERT INTO public.schedule (id, "startTime", "endTime", "dayOfWeek", "isRecurring", "promotionId") VALUES ('8c25be8b-d5df-41bf-b428-e9b82661ae6a', '11:00:00', '14:00:00', 'Thursday', false, '7b3c1b86-7680-465e-b3e3-9a1f35e99d34');
INSERT INTO public.schedule (id, "startTime", "endTime", "dayOfWeek", "isRecurring", "promotionId") VALUES ('c1d4a30b-b0be-4ccc-82c1-3c5d03beb660', '12:00:00', '15:00:00', 'Friday', false, 'c1cef920-45e3-4d03-811f-c1327b00b8b7');
INSERT INTO public.schedule (id, "startTime", "endTime", "dayOfWeek", "isRecurring", "promotionId") VALUES ('4728df9b-10a7-47c1-aef3-e28a0a6e7505', '13:00:00', '16:00:00', 'Saturday', false, 'c1cef920-45e3-4d03-811f-c1327b00b8b7');
INSERT INTO public.schedule (id, "startTime", "endTime", "dayOfWeek", "isRecurring", "promotionId") VALUES ('7d39a5d7-fa5c-45be-bbb9-5de805614d33', '14:00:00', '17:00:00', 'Sunday', false, '3a19c66a-7e80-4afc-a2c0-8cf44af68506');
INSERT INTO public.schedule (id, "startTime", "endTime", "dayOfWeek", "isRecurring", "promotionId") VALUES ('51a57ed9-6232-4b50-b0ac-9b30abd3840d', '15:00:00', '18:00:00', 'Monday', true, '3a19c66a-7e80-4afc-a2c0-8cf44af68506');
INSERT INTO public.schedule (id, "startTime", "endTime", "dayOfWeek", "isRecurring", "promotionId") VALUES ('5ce926eb-b000-4ee0-b5a8-1b22276a698c', '16:00:00', '19:00:00', 'Tuesday', true, '6a2d6248-a36a-46d2-ac96-112aa7965c3a');
INSERT INTO public.schedule (id, "startTime", "endTime", "dayOfWeek", "isRecurring", "promotionId") VALUES ('7f42b761-13e7-4b89-a424-09017c03fae1', '17:00:00', '20:00:00', 'Wednesday', true, '6a2d6248-a36a-46d2-ac96-112aa7965c3a');
INSERT INTO public.schedule (id, "startTime", "endTime", "dayOfWeek", "isRecurring", "promotionId") VALUES ('7dd5bcc1-7ea7-4cff-a6f7-f0cbbc4f392a', '18:00:00', '21:00:00', 'Thursday', true, '416fa617-ce64-4a62-96df-ce9f4c8042c4');
INSERT INTO public.schedule (id, "startTime", "endTime", "dayOfWeek", "isRecurring", "promotionId") VALUES ('93c6df65-452e-4464-b1b1-f500f10a66f9', '19:00:00', '22:00:00', 'Friday', true, '1e065163-7e03-4521-90ba-54b497731667');
INSERT INTO public.schedule (id, "startTime", "endTime", "dayOfWeek", "isRecurring", "promotionId") VALUES ('89f93aef-e6fe-44af-a25b-aa87a0b7672a', '20:00:00', '23:00:00', 'Saturday', true, '68edca6d-b259-4ae1-85da-d65661b8ee6a');
INSERT INTO public.schedule (id, "startTime", "endTime", "dayOfWeek", "isRecurring", "promotionId") VALUES ('a61db75a-68be-4e3e-af6c-38da08d9e561', '21:00:00', '00:00:00', 'Sunday', true, '0177be6c-0bc8-4de9-b532-e0432786b705');
INSERT INTO public.schedule (id, "startTime", "endTime", "dayOfWeek", "isRecurring", "promotionId") VALUES ('0b2da142-7e10-4dc7-8404-c08dbecaac5d', '08:30:00', '10:30:00', 'Monday', true, '7c1a925b-3746-4b65-b970-61a48c6af9ec');
INSERT INTO public.schedule (id, "startTime", "endTime", "dayOfWeek", "isRecurring", "promotionId") VALUES ('45e12fc9-5856-4f07-9b21-99bee20806cf', '09:30:00', '11:30:00', 'Tuesday', true, '7c1a925b-3746-4b65-b970-61a48c6af9ec');
INSERT INTO public.schedule (id, "startTime", "endTime", "dayOfWeek", "isRecurring", "promotionId") VALUES ('f50dd605-0644-4926-bf56-b62fd8152a6f', '10:30:00', '12:30:00', 'Wednesday', false, '7c1a925b-3746-4b65-b970-61a48c6af9ec');
INSERT INTO public.schedule (id, "startTime", "endTime", "dayOfWeek", "isRecurring", "promotionId") VALUES ('15b8bbbe-f650-48a3-b390-5de3989a5ee8', '11:30:00', '13:30:00', 'Tuesday', false, '711e9fec-d41b-4c3d-985a-876e71c5386a');
INSERT INTO public.schedule (id, "startTime", "endTime", "dayOfWeek", "isRecurring", "promotionId") VALUES ('a0467615-7a20-4754-8dd8-6481c0ab44e3', '12:30:00', '14:30:00', 'Wednesday', false, '70ba6ecd-5ad2-455f-83e3-a8e4ada61e9b');
INSERT INTO public.schedule (id, "startTime", "endTime", "dayOfWeek", "isRecurring", "promotionId") VALUES ('f718fa58-08d7-4032-b764-9909912687ca', '13:30:00', '15:30:00', 'Thursday', false, '7c1d1a3a-5034-4c14-8106-1bb5ac1acf39');
INSERT INTO public.schedule (id, "startTime", "endTime", "dayOfWeek", "isRecurring", "promotionId") VALUES ('99b29509-d5cf-46bb-bf77-341c5f09c683', '14:30:00', '16:30:00', 'Friday', false, '64006a27-aef6-4668-aed6-e87776f893e5');
INSERT INTO public.schedule (id, "startTime", "endTime", "dayOfWeek", "isRecurring", "promotionId") VALUES ('352df4a5-01b8-4b8b-8004-bbb9164eccea', '15:30:00', '17:30:00', 'Saturday', false, '64006a27-aef6-4668-aed6-e87776f893e5');
INSERT INTO public.schedule (id, "startTime", "endTime", "dayOfWeek", "isRecurring", "promotionId") VALUES ('4af73919-1de2-425a-a443-a4f2069cd9d3', '16:30:00', '18:30:00', 'Sunday', false, 'ac23c64d-c872-4a60-a5a4-f767c58c7ab0');
INSERT INTO public.schedule (id, "startTime", "endTime", "dayOfWeek", "isRecurring", "promotionId") VALUES ('19f1a4d7-8b24-4ed3-8b6e-cee0cf38242c', '01:45:00', '06:10:00', 'Monday', true, '9f1c9970-de98-43a0-ac50-8a285e1e3b0e');
INSERT INTO public.schedule (id, "startTime", "endTime", "dayOfWeek", "isRecurring", "promotionId") VALUES ('069e0364-0123-4aa4-848c-e5f5d239193e', '02:15:00', '07:23:00', 'Tuesday', true, '9f1c9970-de98-43a0-ac50-8a285e1e3b0e');
INSERT INTO public.schedule (id, "startTime", "endTime", "dayOfWeek", "isRecurring", "promotionId") VALUES ('6ee5f6ec-358b-4a5d-84a5-ee82503a18d8', '03:45:00', '08:15:00', 'Wednesday', true, '9f1c9970-de98-43a0-ac50-8a285e1e3b0e');
INSERT INTO public.schedule (id, "startTime", "endTime", "dayOfWeek", "isRecurring", "promotionId") VALUES ('847bcf45-8380-4e11-b048-c2395863b3cc', '04:42:00', '09:16:00', 'Thursday', true, '9f1c9970-de98-43a0-ac50-8a285e1e3b0e');

INSERT INTO public.saved_promotion ("userId", "promotionId", date_saved) VALUES ('bbefc714-686b-430a-9490-8976de13aa50', 'e3c636d3-1501-4471-801a-7bbd47b2d38d', '2021-01-08 05:51:47.334366');
INSERT INTO public.saved_promotion ("userId", "promotionId", date_saved) VALUES ('bbefc714-686b-430a-9490-8976de13aa50', '7b3c1b86-7680-465e-b3e3-9a1f35e99d34', '2021-01-08 05:51:47.341862');
INSERT INTO public.saved_promotion ("userId", "promotionId", date_saved) VALUES ('bbefc714-686b-430a-9490-8976de13aa50', '3a19c66a-7e80-4afc-a2c0-8cf44af68506', '2021-01-08 05:51:47.353924');
INSERT INTO public.saved_promotion ("userId", "promotionId", date_saved) VALUES ('bbefc714-686b-430a-9490-8976de13aa50', 'c1cef920-45e3-4d03-811f-c1327b00b8b7', '2021-01-08 05:51:47.356631');
INSERT INTO public.saved_promotion ("userId", "promotionId", date_saved) VALUES ('bbefc714-686b-430a-9490-8976de13aa50', '1e065163-7e03-4521-90ba-54b497731667', '2021-01-08 05:51:47.376475');
INSERT INTO public.saved_promotion ("userId", "promotionId", date_saved) VALUES ('bbefc714-686b-430a-9490-8976de13aa50', '68edca6d-b259-4ae1-85da-d65661b8ee6a', '2021-01-08 05:51:47.379607');
INSERT INTO public.saved_promotion ("userId", "promotionId", date_saved) VALUES ('eae0bb2f-9e60-4b39-9f33-87809b45a2a5', 'e3c636d3-1501-4471-801a-7bbd47b2d38d', '2021-01-08 05:51:47.386754');
INSERT INTO public.saved_promotion ("userId", "promotionId", date_saved) VALUES ('eae0bb2f-9e60-4b39-9f33-87809b45a2a5', '7b3c1b86-7680-465e-b3e3-9a1f35e99d34', '2021-01-08 05:51:47.386798');
INSERT INTO public.saved_promotion ("userId", "promotionId", date_saved) VALUES ('eae0bb2f-9e60-4b39-9f33-87809b45a2a5', 'c1cef920-45e3-4d03-811f-c1327b00b8b7', '2021-01-08 05:51:47.386855');
INSERT INTO public.saved_promotion ("userId", "promotionId", date_saved) VALUES ('eae0bb2f-9e60-4b39-9f33-87809b45a2a5', '3a19c66a-7e80-4afc-a2c0-8cf44af68506', '2021-01-08 05:51:47.386909');
INSERT INTO public.saved_promotion ("userId", "promotionId", date_saved) VALUES ('eae0bb2f-9e60-4b39-9f33-87809b45a2a5', '6a2d6248-a36a-46d2-ac96-112aa7965c3a', '2021-01-08 05:51:47.386958');
INSERT INTO public.saved_promotion ("userId", "promotionId", date_saved) VALUES ('eae0bb2f-9e60-4b39-9f33-87809b45a2a5', '416fa617-ce64-4a62-96df-ce9f4c8042c4', '2021-01-08 05:51:47.387010');
INSERT INTO public.saved_promotion ("userId", "promotionId", date_saved) VALUES ('3206dc6f-186b-4981-8d0f-2687ba89e3c4', 'e3c636d3-1501-4471-801a-7bbd47b2d38d', '2021-01-08 05:51:47.400199');
INSERT INTO public.saved_promotion ("userId", "promotionId", date_saved) VALUES ('3206dc6f-186b-4981-8d0f-2687ba89e3c4', '1e065163-7e03-4521-90ba-54b497731667', '2021-01-08 05:51:47.400358');
INSERT INTO public.saved_promotion ("userId", "promotionId", date_saved) VALUES ('3206dc6f-186b-4981-8d0f-2687ba89e3c4', '68edca6d-b259-4ae1-85da-d65661b8ee6a', '2021-01-08 05:51:47.400396');
INSERT INTO public.saved_promotion ("userId", "promotionId", date_saved) VALUES ('43975331-4bcb-4563-b833-23781d9a5972', 'e3c636d3-1501-4471-801a-7bbd47b2d38d', '2021-01-08 05:51:47.404969');
INSERT INTO public.saved_promotion ("userId", "promotionId", date_saved) VALUES ('43975331-4bcb-4563-b833-23781d9a5972', '0177be6c-0bc8-4de9-b532-e0432786b705', '2021-01-08 05:51:47.405502');
INSERT INTO public.saved_promotion ("userId", "promotionId", date_saved) VALUES ('43975331-4bcb-4563-b833-23781d9a5972', '7c1a925b-3746-4b65-b970-61a48c6af9ec', '2021-01-08 05:51:47.405572');
INSERT INTO public.saved_promotion ("userId", "promotionId", date_saved) VALUES ('a0c4958b-c31f-4603-9d2d-4fbd082b5b98', '7c1a925b-3746-4b65-b970-61a48c6af9ec', '2021-01-08 05:51:47.410259');
INSERT INTO public.saved_promotion ("userId", "promotionId", date_saved) VALUES ('a0c4958b-c31f-4603-9d2d-4fbd082b5b98', 'e3c636d3-1501-4471-801a-7bbd47b2d38d', '2021-01-08 05:51:47.410180');
INSERT INTO public.saved_promotion ("userId", "promotionId", date_saved) VALUES ('a0c4958b-c31f-4603-9d2d-4fbd082b5b98', '711e9fec-d41b-4c3d-985a-876e71c5386a', '2021-01-08 05:51:47.410328');
INSERT INTO public.saved_promotion ("userId", "promotionId", date_saved) VALUES ('a0c4958b-c31f-4603-9d2d-4fbd082b5b98', '7b3c1b86-7680-465e-b3e3-9a1f35e99d34', '2021-01-08 05:51:47.410374');
INSERT INTO public.saved_promotion ("userId", "promotionId", date_saved) VALUES ('a0c4958b-c31f-4603-9d2d-4fbd082b5b98', 'c1cef920-45e3-4d03-811f-c1327b00b8b7', '2021-01-08 05:51:47.410417');
INSERT INTO public.saved_promotion ("userId", "promotionId", date_saved) VALUES ('d67eca53-c2fe-4036-9c80-9fa0fdeb6c40', '711e9fec-d41b-4c3d-985a-876e71c5386a', '2021-01-08 05:51:47.418975');
INSERT INTO public.saved_promotion ("userId", "promotionId", date_saved) VALUES ('d67eca53-c2fe-4036-9c80-9fa0fdeb6c40', '70ba6ecd-5ad2-455f-83e3-a8e4ada61e9b', '2021-01-08 05:51:47.419110');
INSERT INTO public.saved_promotion ("userId", "promotionId", date_saved) VALUES ('d67eca53-c2fe-4036-9c80-9fa0fdeb6c40', 'e3c636d3-1501-4471-801a-7bbd47b2d38d', '2021-01-08 05:51:47.418776');
INSERT INTO public.saved_promotion ("userId", "promotionId", date_saved) VALUES ('d67eca53-c2fe-4036-9c80-9fa0fdeb6c40', '7c1d1a3a-5034-4c14-8106-1bb5ac1acf39', '2021-01-08 05:51:47.419164');
INSERT INTO public.saved_promotion ("userId", "promotionId", date_saved) VALUES ('d67eca53-c2fe-4036-9c80-9fa0fdeb6c40', '64006a27-aef6-4668-aed6-e87776f893e5', '2021-01-08 05:51:47.419202');
INSERT INTO public.saved_promotion ("userId", "promotionId", date_saved) VALUES ('d67eca53-c2fe-4036-9c80-9fa0fdeb6c40', 'ac23c64d-c872-4a60-a5a4-f767c58c7ab0', '2021-01-08 05:51:47.419220');
INSERT INTO public.saved_promotion ("userId", "promotionId", date_saved) VALUES ('d67eca53-c2fe-4036-9c80-9fa0fdeb6c40', '9f1c9970-de98-43a0-ac50-8a285e1e3b0e', '2021-01-08 05:51:47.429431');
INSERT INTO public.saved_promotion ("userId", "promotionId", date_saved) VALUES ('be8e9374-6fb9-4686-b28e-06c8eb1e1646', 'e3c636d3-1501-4471-801a-7bbd47b2d38d', '2021-01-08 05:51:47.437631');
INSERT INTO public.saved_promotion ("userId", "promotionId", date_saved) VALUES ('be8e9374-6fb9-4686-b28e-06c8eb1e1646', '7b3c1b86-7680-465e-b3e3-9a1f35e99d34', '2021-01-08 05:51:47.437704');
INSERT INTO public.saved_promotion ("userId", "promotionId", date_saved) VALUES ('be8e9374-6fb9-4686-b28e-06c8eb1e1646', 'c1cef920-45e3-4d03-811f-c1327b00b8b7', '2021-01-08 05:51:47.437773');
INSERT INTO public.saved_promotion ("userId", "promotionId", date_saved) VALUES ('be8e9374-6fb9-4686-b28e-06c8eb1e1646', '3a19c66a-7e80-4afc-a2c0-8cf44af68506', '2021-01-08 05:51:47.437822');
INSERT INTO public.saved_promotion ("userId", "promotionId", date_saved) VALUES ('be8e9374-6fb9-4686-b28e-06c8eb1e1646', '6a2d6248-a36a-46d2-ac96-112aa7965c3a', '2021-01-08 05:51:47.437866');
INSERT INTO public.saved_promotion ("userId", "promotionId", date_saved) VALUES ('be8e9374-6fb9-4686-b28e-06c8eb1e1646', '416fa617-ce64-4a62-96df-ce9f4c8042c4', '2021-01-08 05:51:47.437908');
INSERT INTO public.saved_promotion ("userId", "promotionId", date_saved) VALUES ('be8e9374-6fb9-4686-b28e-06c8eb1e1646', '1e065163-7e03-4521-90ba-54b497731667', '2021-01-08 05:51:47.437950');
INSERT INTO public.saved_promotion ("userId", "promotionId", date_saved) VALUES ('be8e9374-6fb9-4686-b28e-06c8eb1e1646', '711e9fec-d41b-4c3d-985a-876e71c5386a', '2021-01-08 05:51:47.463669');
INSERT INTO public.saved_promotion ("userId", "promotionId", date_saved) VALUES ('be8e9374-6fb9-4686-b28e-06c8eb1e1646', '68edca6d-b259-4ae1-85da-d65661b8ee6a', '2021-01-08 05:51:47.462847');
INSERT INTO public.saved_promotion ("userId", "promotionId", date_saved) VALUES ('be8e9374-6fb9-4686-b28e-06c8eb1e1646', '70ba6ecd-5ad2-455f-83e3-a8e4ada61e9b', '2021-01-08 05:51:47.466778');
INSERT INTO public.saved_promotion ("userId", "promotionId", date_saved) VALUES ('be8e9374-6fb9-4686-b28e-06c8eb1e1646', 'ac23c64d-c872-4a60-a5a4-f767c58c7ab0', '2021-01-08 05:51:47.467752');
INSERT INTO public.saved_promotion ("userId", "promotionId", date_saved) VALUES ('be8e9374-6fb9-4686-b28e-06c8eb1e1646', '9f1c9970-de98-43a0-ac50-8a285e1e3b0e', '2021-01-08 05:51:47.467820');
INSERT INTO public.saved_promotion ("userId", "promotionId", date_saved) VALUES ('be8e9374-6fb9-4686-b28e-06c8eb1e1646', '7c1d1a3a-5034-4c14-8106-1bb5ac1acf39', '2021-01-08 05:51:47.467601');
INSERT INTO public.saved_promotion ("userId", "promotionId", date_saved) VALUES ('be8e9374-6fb9-4686-b28e-06c8eb1e1646', '64006a27-aef6-4668-aed6-e87776f893e5', '2021-01-08 05:51:47.467680');
INSERT INTO public.saved_promotion ("userId", "promotionId", date_saved) VALUES ('be8e9374-6fb9-4686-b28e-06c8eb1e1646', '0177be6c-0bc8-4de9-b532-e0432786b705', '2021-01-08 05:51:47.467003');
INSERT INTO public.saved_promotion ("userId", "promotionId", date_saved) VALUES ('be8e9374-6fb9-4686-b28e-06c8eb1e1646', '7c1a925b-3746-4b65-b970-61a48c6af9ec', '2021-01-08 05:51:47.474578');