INSERT INTO public."user" (id, first_name, last_name, email, username, password)
VALUES ('3f919042-5aa0-406f-97b1-9bd3e07717cc', 'John', 'Smith', 'smith.j@sample.com', 'user1', 'user1_password'),
       ('c45a09fe-c5ea-45f0-a6eb-f1815d1d85fa', 'Asa', 'Edward', 'edward.a@sample.com', 'user2', 'user2_password'),
       ('da81ac4e-67f7-43eb-8125-2da0641e55f6', 'Harry', 'James', 'james.h@sample.com', 'user3', 'user3_password'),
       ('d97522a3-cc32-4f22-8674-c9bef528502d', 'Timothy', 'Dodson', 'dodson.t@sample.com', 'user4', 'user4_password'),
       ('fcd3adac-6742-43a3-a1b1-5a8d8c34258b', 'Yuri', 'Davis', 'davis.y@sample.com', 'user5', 'user5_password'),
       ('1f5770d0-8bcb-42f9-848c-9a2005903687', 'Ethal', 'May', 'may.e@sample.com', 'user6', 'user6_password'),
       ('157b188a-4144-4fff-975f-aafaed38767a', 'Ruby', 'Eleanor', 'eleanor.r@sample.com', 'user7', 'user7_password');

INSERT INTO public.promotion (id, category, cuisine, name, description, date_added, expiration_date, price_range,
                              "userId")
VALUES ('77ec6d2e-4916-4033-9372-9ee819e83d8a', 'Bogo', 'Caribbean', 'promo1', 'description1',
        '2020-11-05 06:22:31.634207', '2020-11-05 06:22:31.128000', '$', '3f919042-5aa0-406f-97b1-9bd3e07717cc'),
       ('491a164a-6ae6-4402-939b-7a0f4094cbd1', 'Happy Hour', 'Vietnamese', 'promo2', 'description2',
        '2020-11-05 06:22:31.646508', '2020-11-05 06:22:31.128000', '$', 'c45a09fe-c5ea-45f0-a6eb-f1815d1d85fa'),
       ('e1b0c8f2-4b79-4547-98f2-016493110db6', 'Other', 'Korean', 'promo3', 'description3',
        '2020-11-05 06:22:31.655418', '2020-11-05 06:22:31.128000', '$', 'c45a09fe-c5ea-45f0-a6eb-f1815d1d85fa'),
       ('71d3c71c-760b-4626-b8fc-d24e1683c5a6', 'Bogo', 'Japanese', 'promo4', 'description4',
        '2020-11-05 06:22:31.663297', '2020-11-05 06:22:31.128000', '$$', 'c45a09fe-c5ea-45f0-a6eb-f1815d1d85fa'),
       ('48350da6-7b7d-4c01-8faf-aa54a29e86a8', 'Happy Hour', 'Other', 'promo5', 'description5',
        '2020-11-05 06:22:31.675033', '2020-11-05 06:22:31.128000', '$$$', 'da81ac4e-67f7-43eb-8125-2da0641e55f6'),
       ('5bf9b4dd-405b-412b-9dd0-a9c23067175d', 'Other', 'Caribbean', 'promo6', 'description6',
        '2020-11-05 06:22:31.682496', '2020-11-05 06:22:31.128000', '$$$$', 'd97522a3-cc32-4f22-8674-c9bef528502d'),
       ('ddbc2f82-e5e5-434b-b037-a122e11b4a1d', 'Bogo', 'Vietnamese', 'promo7', 'description7',
        '2020-11-05 06:22:31.689626', '2020-11-05 06:22:31.128000', '$$$$$', 'fcd3adac-6742-43a3-a1b1-5a8d8c34258b'),
       ('768dd84e-f1ed-464d-bec2-202085b0281d', 'Happy Hour', 'Korean', 'promo8', 'description8',
        '2020-11-05 06:22:31.696795', '2020-11-05 06:22:31.128000', '$', 'fcd3adac-6742-43a3-a1b1-5a8d8c34258b'),
       ('e19c60a0-5afc-4912-bc74-30fa03795e43', 'Other', 'Japanese', 'promo9', 'description9',
        '2020-11-05 06:22:31.704100', '2020-11-05 06:22:31.128000', '$$', '1f5770d0-8bcb-42f9-848c-9a2005903687'),
       ('1aa3b3e8-28c5-429d-97b8-876018414ddd', 'Bogo', 'Other', 'promo10', 'description10',
        '2020-11-05 06:22:31.711200', '2020-11-05 06:22:31.128000', '$$$', '1f5770d0-8bcb-42f9-848c-9a2005903687'),
       ('977baff3-f616-4073-97b6-99b928b6b6d4', 'Happy Hour', 'Caribbean', 'promo11', 'description11',
        '2020-11-05 06:22:31.721326', '2020-11-05 06:22:31.128000', '$$$$', '157b188a-4144-4fff-975f-aafaed38767a'),
       ('eef6512f-ed6c-4369-b636-d7e6475980a9', 'Other', 'Vietnamese', 'promo12', 'description12',
        '2020-11-05 06:22:31.729193', '2020-11-05 06:22:31.128000', '$$$$$', '157b188a-4144-4fff-975f-aafaed38767a'),
       ('92d85777-8ee4-4ce8-92a6-a4a6b42d1ed7', 'Bogo', 'Korean', 'promo13', 'description13',
        '2020-11-05 06:22:31.736859', '2020-11-05 06:22:31.128000', '$$', '157b188a-4144-4fff-975f-aafaed38767a'),
       ('953e3ce1-d90d-4902-948d-880a4ca09ce3', 'Happy Hour', 'Japanese', 'promo14', 'description14',
        '2020-11-05 06:22:31.743746', '2020-11-05 06:22:31.128000', '$$$', '157b188a-4144-4fff-975f-aafaed38767a'),
       ('2c5cb6fb-5f12-4ab0-be24-d7d6d4849e5d', 'Other', 'Other', 'promo15', 'description15',
        '2020-11-05 06:22:31.751330', '2020-11-05 06:22:31.128000', '$$', '157b188a-4144-4fff-975f-aafaed38767a'),
       ('19f784d9-13cf-41e6-8d51-da32a8e0b2aa', 'Bogo', 'Caribbean', 'promo16', 'description16',
        '2020-11-05 06:22:31.758412', '2020-11-05 06:22:31.128000', '$', '157b188a-4144-4fff-975f-aafaed38767a');

INSERT INTO public.discount (id, type, "discountValue", "promotionId")
VALUES ('3b93f56b-c89d-4dca-81a3-93ab9f68784f', '%', 1, '77ec6d2e-4916-4033-9372-9ee819e83d8a'),
       ('5152bd25-f1ce-4a5d-86f5-7ac3286f2f23', '%', 2, '491a164a-6ae6-4402-939b-7a0f4094cbd1'),
       ('dfdae7bc-2d06-4a0d-bf5c-2eaf278a911c', '$', 3, '491a164a-6ae6-4402-939b-7a0f4094cbd1'),
       ('d19bd901-53d7-44c8-a5b8-6e71a0ab4c98', '$', 4, 'e1b0c8f2-4b79-4547-98f2-016493110db6'),
       ('69dc00d9-131b-412d-8327-b5cbf088f6ad', '%', 5, '71d3c71c-760b-4626-b8fc-d24e1683c5a6'),
       ('1c3afb50-f35d-4e52-a971-94f33d3d2df8', '%', 6, '48350da6-7b7d-4c01-8faf-aa54a29e86a8'),
       ('94b6f2d6-d5c4-454d-ab10-3e11b9baccf7', '$', 7, '5bf9b4dd-405b-412b-9dd0-a9c23067175d'),
       ('2ee97495-3859-4ce6-933f-5bbe88334851', '$', 8, 'ddbc2f82-e5e5-434b-b037-a122e11b4a1d'),
       ('84eecb3f-4059-4107-bb2a-d5b74cb32c93', '%', 9, '768dd84e-f1ed-464d-bec2-202085b0281d'),
       ('2612af5d-9c40-4641-af66-ffe4b52a97de', '%', 10, 'e19c60a0-5afc-4912-bc74-30fa03795e43'),
       ('50b3e27c-10f8-4ff5-8bb6-a39eb631cc0d', '$', 11, '1aa3b3e8-28c5-429d-97b8-876018414ddd'),
       ('5277f693-63f9-4a88-81f2-6ecc19c3c51a', '$', 12, '1aa3b3e8-28c5-429d-97b8-876018414ddd'),
       ('fd68e3f9-ff48-4096-8925-f67b1c3f160a', '%', 13, '1aa3b3e8-28c5-429d-97b8-876018414ddd'),
       ('f63d9fe4-6bc4-4f2e-861a-c0200d231590', '%', 14, '977baff3-f616-4073-97b6-99b928b6b6d4'),
       ('8beb000d-0ed5-46e8-baa4-efa7ca63be5f', '$', 15, 'eef6512f-ed6c-4369-b636-d7e6475980a9'),
       ('f0b770b8-1ec8-4bcd-ade6-704b74610073', '$', 16, '92d85777-8ee4-4ce8-92a6-a4a6b42d1ed7'),
       ('580a20b5-f9fc-4156-b325-2d3cde92fabe', '%', 17, '953e3ce1-d90d-4902-948d-880a4ca09ce3'),
       ('7659381e-1e40-4b4c-92f2-ad476cb38415', '%', 18, '2c5cb6fb-5f12-4ab0-be24-d7d6d4849e5d'),
       ('740face1-5b70-4c22-891c-5e180cd0894b', '$', 19, '19f784d9-13cf-41e6-8d51-da32a8e0b2aa'),
       ('c03f27e0-b5d9-4f30-87eb-9bb9d28614ba', '$', 20, '19f784d9-13cf-41e6-8d51-da32a8e0b2aa');

INSERT INTO public.saved_promotions ("userId", "promotionId")
VALUES ('3f919042-5aa0-406f-97b1-9bd3e07717cc', '77ec6d2e-4916-4033-9372-9ee819e83d8a'),
       ('3f919042-5aa0-406f-97b1-9bd3e07717cc', '491a164a-6ae6-4402-939b-7a0f4094cbd1'),
       ('3f919042-5aa0-406f-97b1-9bd3e07717cc', 'e1b0c8f2-4b79-4547-98f2-016493110db6'),
       ('3f919042-5aa0-406f-97b1-9bd3e07717cc', '71d3c71c-760b-4626-b8fc-d24e1683c5a6'),
       ('3f919042-5aa0-406f-97b1-9bd3e07717cc', 'ddbc2f82-e5e5-434b-b037-a122e11b4a1d'),
       ('3f919042-5aa0-406f-97b1-9bd3e07717cc', '768dd84e-f1ed-464d-bec2-202085b0281d'),
       ('c45a09fe-c5ea-45f0-a6eb-f1815d1d85fa', '77ec6d2e-4916-4033-9372-9ee819e83d8a'),
       ('c45a09fe-c5ea-45f0-a6eb-f1815d1d85fa', '491a164a-6ae6-4402-939b-7a0f4094cbd1'),
       ('c45a09fe-c5ea-45f0-a6eb-f1815d1d85fa', 'e1b0c8f2-4b79-4547-98f2-016493110db6'),
       ('c45a09fe-c5ea-45f0-a6eb-f1815d1d85fa', '71d3c71c-760b-4626-b8fc-d24e1683c5a6'),
       ('c45a09fe-c5ea-45f0-a6eb-f1815d1d85fa', '48350da6-7b7d-4c01-8faf-aa54a29e86a8'),
       ('c45a09fe-c5ea-45f0-a6eb-f1815d1d85fa', '5bf9b4dd-405b-412b-9dd0-a9c23067175d'),
       ('da81ac4e-67f7-43eb-8125-2da0641e55f6', '77ec6d2e-4916-4033-9372-9ee819e83d8a'),
       ('da81ac4e-67f7-43eb-8125-2da0641e55f6', 'ddbc2f82-e5e5-434b-b037-a122e11b4a1d'),
       ('da81ac4e-67f7-43eb-8125-2da0641e55f6', '768dd84e-f1ed-464d-bec2-202085b0281d'),
       ('d97522a3-cc32-4f22-8674-c9bef528502d', '77ec6d2e-4916-4033-9372-9ee819e83d8a'),
       ('d97522a3-cc32-4f22-8674-c9bef528502d', 'e19c60a0-5afc-4912-bc74-30fa03795e43'),
       ('d97522a3-cc32-4f22-8674-c9bef528502d', '1aa3b3e8-28c5-429d-97b8-876018414ddd'),
       ('fcd3adac-6742-43a3-a1b1-5a8d8c34258b', '77ec6d2e-4916-4033-9372-9ee819e83d8a'),
       ('fcd3adac-6742-43a3-a1b1-5a8d8c34258b', '1aa3b3e8-28c5-429d-97b8-876018414ddd'),
       ('fcd3adac-6742-43a3-a1b1-5a8d8c34258b', '977baff3-f616-4073-97b6-99b928b6b6d4'),
       ('fcd3adac-6742-43a3-a1b1-5a8d8c34258b', '491a164a-6ae6-4402-939b-7a0f4094cbd1'),
       ('fcd3adac-6742-43a3-a1b1-5a8d8c34258b', 'e1b0c8f2-4b79-4547-98f2-016493110db6'),
       ('1f5770d0-8bcb-42f9-848c-9a2005903687', '77ec6d2e-4916-4033-9372-9ee819e83d8a'),
       ('1f5770d0-8bcb-42f9-848c-9a2005903687', '977baff3-f616-4073-97b6-99b928b6b6d4'),
       ('1f5770d0-8bcb-42f9-848c-9a2005903687', 'eef6512f-ed6c-4369-b636-d7e6475980a9'),
       ('1f5770d0-8bcb-42f9-848c-9a2005903687', '92d85777-8ee4-4ce8-92a6-a4a6b42d1ed7'),
       ('1f5770d0-8bcb-42f9-848c-9a2005903687', '953e3ce1-d90d-4902-948d-880a4ca09ce3'),
       ('1f5770d0-8bcb-42f9-848c-9a2005903687', '2c5cb6fb-5f12-4ab0-be24-d7d6d4849e5d'),
       ('1f5770d0-8bcb-42f9-848c-9a2005903687', '19f784d9-13cf-41e6-8d51-da32a8e0b2aa'),
       ('157b188a-4144-4fff-975f-aafaed38767a', '77ec6d2e-4916-4033-9372-9ee819e83d8a'),
       ('157b188a-4144-4fff-975f-aafaed38767a', '491a164a-6ae6-4402-939b-7a0f4094cbd1'),
       ('157b188a-4144-4fff-975f-aafaed38767a', 'e1b0c8f2-4b79-4547-98f2-016493110db6'),
       ('157b188a-4144-4fff-975f-aafaed38767a', '71d3c71c-760b-4626-b8fc-d24e1683c5a6'),
       ('157b188a-4144-4fff-975f-aafaed38767a', '48350da6-7b7d-4c01-8faf-aa54a29e86a8'),
       ('157b188a-4144-4fff-975f-aafaed38767a', '5bf9b4dd-405b-412b-9dd0-a9c23067175d'),
       ('157b188a-4144-4fff-975f-aafaed38767a', 'ddbc2f82-e5e5-434b-b037-a122e11b4a1d'),
       ('157b188a-4144-4fff-975f-aafaed38767a', '768dd84e-f1ed-464d-bec2-202085b0281d'),
       ('157b188a-4144-4fff-975f-aafaed38767a', 'e19c60a0-5afc-4912-bc74-30fa03795e43'),
       ('157b188a-4144-4fff-975f-aafaed38767a', '1aa3b3e8-28c5-429d-97b8-876018414ddd'),
       ('157b188a-4144-4fff-975f-aafaed38767a', '977baff3-f616-4073-97b6-99b928b6b6d4'),
       ('157b188a-4144-4fff-975f-aafaed38767a', 'eef6512f-ed6c-4369-b636-d7e6475980a9'),
       ('157b188a-4144-4fff-975f-aafaed38767a', '92d85777-8ee4-4ce8-92a6-a4a6b42d1ed7'),
       ('157b188a-4144-4fff-975f-aafaed38767a', '953e3ce1-d90d-4902-948d-880a4ca09ce3'),
       ('157b188a-4144-4fff-975f-aafaed38767a', '2c5cb6fb-5f12-4ab0-be24-d7d6d4849e5d'),
       ('157b188a-4144-4fff-975f-aafaed38767a', '19f784d9-13cf-41e6-8d51-da32a8e0b2aa');