INSERT INTO public."user" (id, first_name, last_name, email, username, password)
VALUES ('767d4ad4-0bcd-43da-884b-927698f5ea79', 'John', 'Smith', 'smith.j@sample.com', 'user1', 'user1_password'),
       ('40f21718-1069-4e4b-8e62-80a7e3564c8b', 'Asa', 'Edward', 'edward.a@sample.com', 'user2', 'user2_password'),
       ('7b027916-bf26-4d6a-a5d2-c0e77909cf69', 'Harry', 'James', 'james.h@sample.com', 'user3', 'user3_password'),
       ('7c16a2d9-0e53-4cb7-bb06-72153eebde67', 'Timothy', 'Dodson', 'dodson.t@sample.com', 'user4', 'user4_password'),
       ('1176d639-16f7-4d6b-a572-86dcd03328df', 'Yuri', 'Davis', 'davis.y@sample.com', 'user5', 'user5_password'),
       ('63e12b0c-3e15-46a0-bc4c-0e3a6080458a', 'Ethal', 'May', 'may.e@sample.com', 'user6', 'user6_password'),
       ('26e06366-df97-4f41-bd1e-440b0df25b45', 'Ruby', 'Eleanor', 'eleanor.r@sample.com', 'user7', 'user7_password');

INSERT INTO public.promotion (id, category, cuisine, name, description, date_added, expiration_date, price_range,
                              "userId")
VALUES ('fbc784cb-5311-43a7-b344-0ac839da0b3d', 'Bogo', 'Caribbean', 'promo1', 'description1',
        '2020-11-06 05:14:10.210345', '2020-11-06 05:14:09.182000', '$', '767d4ad4-0bcd-43da-884b-927698f5ea79'),
       ('c1db90ff-5b0d-4654-9d06-7e3a29d71e46', 'Happy Hour', 'Vietnamese', 'promo2', 'description2',
        '2020-11-06 05:14:10.232736', '2020-11-06 05:14:09.183000', '$', '40f21718-1069-4e4b-8e62-80a7e3564c8b'),
       ('697acd14-f3d2-4f91-8453-47543f03e1be', 'Other', 'Korean', 'promo3', 'description3',
        '2020-11-06 05:14:10.242346', '2020-11-06 05:14:09.183000', '$', '40f21718-1069-4e4b-8e62-80a7e3564c8b'),
       ('84e28242-320a-4d76-9758-e561550f5646', 'Bogo', 'Japanese', 'promo4', 'description4',
        '2020-11-06 05:14:10.250411', '2020-11-06 05:14:09.183000', '$$', '40f21718-1069-4e4b-8e62-80a7e3564c8b'),
       ('2325e21a-5d3a-456c-ab56-8a4741453ee8', 'Happy Hour', 'Other', 'promo5', 'description5',
        '2020-11-06 05:14:10.257515', '2020-11-06 05:14:09.183000', '$$$', '7b027916-bf26-4d6a-a5d2-c0e77909cf69'),
       ('c9d40396-4979-42bf-8114-5c97c7e5e3d1', 'Other', 'Caribbean', 'promo6', 'description6',
        '2020-11-06 05:14:10.264931', '2020-11-06 05:14:09.183000', '$$$$', '7c16a2d9-0e53-4cb7-bb06-72153eebde67'),
       ('2ba91b3d-b2f5-42d6-a7f9-ec708bc3f5d0', 'Bogo', 'Vietnamese', 'promo7', 'description7',
        '2020-11-06 05:14:10.272380', '2020-11-06 05:14:09.183000', '$$$$$', '1176d639-16f7-4d6b-a572-86dcd03328df'),
       ('54eb6680-3950-4583-8686-32e5ab996130', 'Happy Hour', 'Korean', 'promo8', 'description8',
        '2020-11-06 05:14:10.279519', '2020-11-06 05:14:09.183000', '$', '1176d639-16f7-4d6b-a572-86dcd03328df'),
       ('fd4ece27-094b-497c-a4b1-e38167d6a59a', 'Other', 'Japanese', 'promo9', 'description9',
        '2020-11-06 05:14:10.286948', '2020-11-06 05:14:09.183000', '$$', '63e12b0c-3e15-46a0-bc4c-0e3a6080458a'),
       ('75bb5721-5bcc-4a3d-b170-cfecabcf798b', 'Bogo', 'Other', 'promo10', 'description10',
        '2020-11-06 05:14:10.297403', '2020-11-06 05:14:09.183000', '$$$', '63e12b0c-3e15-46a0-bc4c-0e3a6080458a'),
       ('33e7162a-bf3d-4288-b712-d08f66ddf5c9', 'Happy Hour', 'Caribbean', 'promo11', 'description11',
        '2020-11-06 05:14:10.306350', '2020-11-06 05:14:09.183000', '$$$$', '26e06366-df97-4f41-bd1e-440b0df25b45'),
       ('1814301c-f9ae-4478-9f3d-fcbcef8666ef', 'Other', 'Vietnamese', 'promo12', 'description12',
        '2020-11-06 05:14:10.313852', '2020-11-06 05:14:09.183000', '$$$$$', '26e06366-df97-4f41-bd1e-440b0df25b45'),
       ('6abc9f15-d0a4-40d1-8137-b9fd9f47e118', 'Bogo', 'Korean', 'promo13', 'description13',
        '2020-11-06 05:14:10.321149', '2020-11-06 05:14:09.183000', '$$', '26e06366-df97-4f41-bd1e-440b0df25b45'),
       ('b5973258-864f-421d-88a9-59a8e9af2a15', 'Happy Hour', 'Japanese', 'promo14', 'description14',
        '2020-11-06 05:14:10.328282', '2020-11-06 05:14:09.183000', '$$$', '26e06366-df97-4f41-bd1e-440b0df25b45'),
       ('ebfe14cd-2bde-491c-8dc3-0bfe7d838bf3', 'Other', 'Other', 'promo15', 'description15',
        '2020-11-06 05:14:10.335013', '2020-11-06 05:14:09.183000', '$$', '26e06366-df97-4f41-bd1e-440b0df25b45'),
       ('73de3527-6a3b-4769-be9d-4dcb42140716', 'Bogo', 'Caribbean', 'promo16', 'description16',
        '2020-11-06 05:14:10.341909', '2020-11-06 05:14:09.183000', '$', '26e06366-df97-4f41-bd1e-440b0df25b45');

INSERT INTO public.discount (id, type, "discountValue", "promotionId")
VALUES ('6fba7509-fbf0-4ee7-8990-56c0b5a60b9c', '%', 1, 'fbc784cb-5311-43a7-b344-0ac839da0b3d'),
       ('2e20d55e-0ea5-421f-ab38-ba21fadf7ae0', '%', 2, 'c1db90ff-5b0d-4654-9d06-7e3a29d71e46'),
       ('6a38dd6b-c456-4592-b46e-924ef689991f', '$', 3, 'c1db90ff-5b0d-4654-9d06-7e3a29d71e46'),
       ('a3ba2997-e6a6-47fd-b135-fa2e3d62f6bd', '$', 4, '697acd14-f3d2-4f91-8453-47543f03e1be'),
       ('5f841ab6-afee-481b-8e07-145de14315c8', '%', 5, '84e28242-320a-4d76-9758-e561550f5646'),
       ('13c942ba-19b2-4957-86a4-58f94cc9c429', '%', 6, '2325e21a-5d3a-456c-ab56-8a4741453ee8'),
       ('354b666c-012f-4cf0-b2f8-4b3a3e67152b', '$', 7, 'c9d40396-4979-42bf-8114-5c97c7e5e3d1'),
       ('8beb58ff-2de2-419d-b27f-fd1057ed5aba', '$', 8, '2ba91b3d-b2f5-42d6-a7f9-ec708bc3f5d0'),
       ('df0a5ce8-8e3c-4cbf-a70f-2e7fc4c07ebe', '%', 9, '54eb6680-3950-4583-8686-32e5ab996130'),
       ('1fac2974-745e-40dd-bd20-63546c99d235', '%', 10, 'fd4ece27-094b-497c-a4b1-e38167d6a59a'),
       ('92da6421-e8fd-4d6d-a777-1ba3ab5af092', '$', 11, '75bb5721-5bcc-4a3d-b170-cfecabcf798b'),
       ('8f301398-8c97-4e7e-8d8b-1b5930c84bdb', '$', 12, '75bb5721-5bcc-4a3d-b170-cfecabcf798b'),
       ('243501e6-b77f-4a41-b65d-afd5b576a1ab', '%', 13, '75bb5721-5bcc-4a3d-b170-cfecabcf798b'),
       ('a52c1f52-9d39-46be-a6bb-4fc8930fff74', '%', 14, '33e7162a-bf3d-4288-b712-d08f66ddf5c9'),
       ('090927ef-2190-40d8-96ce-d7562f918430', '$', 15, '1814301c-f9ae-4478-9f3d-fcbcef8666ef'),
       ('7c0b7be1-b942-482c-ad0c-b0b77859db99', '$', 16, '6abc9f15-d0a4-40d1-8137-b9fd9f47e118'),
       ('2490565b-53c4-49fd-be58-e59857999eba', '%', 17, 'b5973258-864f-421d-88a9-59a8e9af2a15'),
       ('7f818240-958f-428c-8543-782cea1432d0', '%', 18, 'ebfe14cd-2bde-491c-8dc3-0bfe7d838bf3'),
       ('f8942688-64f6-45ff-b9dd-0e18d0b338e5', '$', 19, '73de3527-6a3b-4769-be9d-4dcb42140716'),
       ('40f1ed0a-bfee-444d-983e-208aa633cab6', '$', 20, '73de3527-6a3b-4769-be9d-4dcb42140716');

INSERT INTO public.saved_promotion ("userId", "promotionId", date_saved)
VALUES ('767d4ad4-0bcd-43da-884b-927698f5ea79', 'fbc784cb-5311-43a7-b344-0ac839da0b3d', '2020-11-06 05:14:10.362702'),
       ('767d4ad4-0bcd-43da-884b-927698f5ea79', 'c1db90ff-5b0d-4654-9d06-7e3a29d71e46', '2020-11-06 05:14:10.362702'),
       ('767d4ad4-0bcd-43da-884b-927698f5ea79', '697acd14-f3d2-4f91-8453-47543f03e1be', '2020-11-06 05:14:10.362702'),
       ('767d4ad4-0bcd-43da-884b-927698f5ea79', '84e28242-320a-4d76-9758-e561550f5646', '2020-11-06 05:14:10.362702'),
       ('767d4ad4-0bcd-43da-884b-927698f5ea79', '2ba91b3d-b2f5-42d6-a7f9-ec708bc3f5d0', '2020-11-06 05:14:10.362702'),
       ('767d4ad4-0bcd-43da-884b-927698f5ea79', '54eb6680-3950-4583-8686-32e5ab996130', '2020-11-06 05:14:10.362702'),
       ('40f21718-1069-4e4b-8e62-80a7e3564c8b', 'fbc784cb-5311-43a7-b344-0ac839da0b3d', '2020-11-06 05:14:10.373879'),
       ('40f21718-1069-4e4b-8e62-80a7e3564c8b', 'c1db90ff-5b0d-4654-9d06-7e3a29d71e46', '2020-11-06 05:14:10.373879'),
       ('40f21718-1069-4e4b-8e62-80a7e3564c8b', '697acd14-f3d2-4f91-8453-47543f03e1be', '2020-11-06 05:14:10.373879'),
       ('40f21718-1069-4e4b-8e62-80a7e3564c8b', '84e28242-320a-4d76-9758-e561550f5646', '2020-11-06 05:14:10.373879'),
       ('40f21718-1069-4e4b-8e62-80a7e3564c8b', '2325e21a-5d3a-456c-ab56-8a4741453ee8', '2020-11-06 05:14:10.373879'),
       ('40f21718-1069-4e4b-8e62-80a7e3564c8b', 'c9d40396-4979-42bf-8114-5c97c7e5e3d1', '2020-11-06 05:14:10.373879'),
       ('7b027916-bf26-4d6a-a5d2-c0e77909cf69', 'fbc784cb-5311-43a7-b344-0ac839da0b3d', '2020-11-06 05:14:10.385399'),
       ('7b027916-bf26-4d6a-a5d2-c0e77909cf69', '2ba91b3d-b2f5-42d6-a7f9-ec708bc3f5d0', '2020-11-06 05:14:10.385399'),
       ('7b027916-bf26-4d6a-a5d2-c0e77909cf69', '54eb6680-3950-4583-8686-32e5ab996130', '2020-11-06 05:14:10.385399'),
       ('7c16a2d9-0e53-4cb7-bb06-72153eebde67', 'fbc784cb-5311-43a7-b344-0ac839da0b3d', '2020-11-06 05:14:10.395055'),
       ('7c16a2d9-0e53-4cb7-bb06-72153eebde67', 'fd4ece27-094b-497c-a4b1-e38167d6a59a', '2020-11-06 05:14:10.395055'),
       ('7c16a2d9-0e53-4cb7-bb06-72153eebde67', '75bb5721-5bcc-4a3d-b170-cfecabcf798b', '2020-11-06 05:14:10.395055'),
       ('1176d639-16f7-4d6b-a572-86dcd03328df', 'fbc784cb-5311-43a7-b344-0ac839da0b3d', '2020-11-06 05:14:10.405310'),
       ('1176d639-16f7-4d6b-a572-86dcd03328df', '75bb5721-5bcc-4a3d-b170-cfecabcf798b', '2020-11-06 05:14:10.405310'),
       ('1176d639-16f7-4d6b-a572-86dcd03328df', '33e7162a-bf3d-4288-b712-d08f66ddf5c9', '2020-11-06 05:14:10.405310'),
       ('1176d639-16f7-4d6b-a572-86dcd03328df', 'c1db90ff-5b0d-4654-9d06-7e3a29d71e46', '2020-11-06 05:14:10.405310'),
       ('1176d639-16f7-4d6b-a572-86dcd03328df', '697acd14-f3d2-4f91-8453-47543f03e1be', '2020-11-06 05:14:10.405310'),
       ('63e12b0c-3e15-46a0-bc4c-0e3a6080458a', 'fbc784cb-5311-43a7-b344-0ac839da0b3d', '2020-11-06 05:14:10.414655'),
       ('63e12b0c-3e15-46a0-bc4c-0e3a6080458a', '33e7162a-bf3d-4288-b712-d08f66ddf5c9', '2020-11-06 05:14:10.414655'),
       ('63e12b0c-3e15-46a0-bc4c-0e3a6080458a', '1814301c-f9ae-4478-9f3d-fcbcef8666ef', '2020-11-06 05:14:10.414655'),
       ('63e12b0c-3e15-46a0-bc4c-0e3a6080458a', '6abc9f15-d0a4-40d1-8137-b9fd9f47e118', '2020-11-06 05:14:10.414655'),
       ('63e12b0c-3e15-46a0-bc4c-0e3a6080458a', 'b5973258-864f-421d-88a9-59a8e9af2a15', '2020-11-06 05:14:10.414655'),
       ('63e12b0c-3e15-46a0-bc4c-0e3a6080458a', 'ebfe14cd-2bde-491c-8dc3-0bfe7d838bf3', '2020-11-06 05:14:10.414655'),
       ('63e12b0c-3e15-46a0-bc4c-0e3a6080458a', '73de3527-6a3b-4769-be9d-4dcb42140716', '2020-11-06 05:14:10.414655'),
       ('26e06366-df97-4f41-bd1e-440b0df25b45', 'fbc784cb-5311-43a7-b344-0ac839da0b3d', '2020-11-06 05:14:10.429939'),
       ('26e06366-df97-4f41-bd1e-440b0df25b45', 'c1db90ff-5b0d-4654-9d06-7e3a29d71e46', '2020-11-06 05:14:10.429939'),
       ('26e06366-df97-4f41-bd1e-440b0df25b45', '697acd14-f3d2-4f91-8453-47543f03e1be', '2020-11-06 05:14:10.429939'),
       ('26e06366-df97-4f41-bd1e-440b0df25b45', '84e28242-320a-4d76-9758-e561550f5646', '2020-11-06 05:14:10.429939'),
       ('26e06366-df97-4f41-bd1e-440b0df25b45', '2325e21a-5d3a-456c-ab56-8a4741453ee8', '2020-11-06 05:14:10.429939'),
       ('26e06366-df97-4f41-bd1e-440b0df25b45', 'c9d40396-4979-42bf-8114-5c97c7e5e3d1', '2020-11-06 05:14:10.429939'),
       ('26e06366-df97-4f41-bd1e-440b0df25b45', '2ba91b3d-b2f5-42d6-a7f9-ec708bc3f5d0', '2020-11-06 05:14:10.429939'),
       ('26e06366-df97-4f41-bd1e-440b0df25b45', '54eb6680-3950-4583-8686-32e5ab996130', '2020-11-06 05:14:10.429939'),
       ('26e06366-df97-4f41-bd1e-440b0df25b45', 'fd4ece27-094b-497c-a4b1-e38167d6a59a', '2020-11-06 05:14:10.429939'),
       ('26e06366-df97-4f41-bd1e-440b0df25b45', '75bb5721-5bcc-4a3d-b170-cfecabcf798b', '2020-11-06 05:14:10.429939'),
       ('26e06366-df97-4f41-bd1e-440b0df25b45', '33e7162a-bf3d-4288-b712-d08f66ddf5c9', '2020-11-06 05:14:10.429939'),
       ('26e06366-df97-4f41-bd1e-440b0df25b45', '1814301c-f9ae-4478-9f3d-fcbcef8666ef', '2020-11-06 05:14:10.429939'),
       ('26e06366-df97-4f41-bd1e-440b0df25b45', '6abc9f15-d0a4-40d1-8137-b9fd9f47e118', '2020-11-06 05:14:10.429939'),
       ('26e06366-df97-4f41-bd1e-440b0df25b45', 'b5973258-864f-421d-88a9-59a8e9af2a15', '2020-11-06 05:14:10.429939'),
       ('26e06366-df97-4f41-bd1e-440b0df25b45', 'ebfe14cd-2bde-491c-8dc3-0bfe7d838bf3', '2020-11-06 05:14:10.429939'),
       ('26e06366-df97-4f41-bd1e-440b0df25b45', '73de3527-6a3b-4769-be9d-4dcb42140716', '2020-11-06 05:14:10.429939');