INSERT INTO public.user_profile (id, first_name, last_name, email, username, password) VALUES ('61dc8f33-c68a-4b86-95c0-fbc04f2338d9', 'John', 'Smith', 'smith.j@sample.com', 'user1', '$2a$08$Sxl27.VpknZlcD6LsZXo/eUahQGvzoQ/qwv5Ik.uoid3ni3ncQg6S');
INSERT INTO public.user_profile (id, first_name, last_name, email, username, password) VALUES ('29de8ac8-0349-4aa8-ace7-e8cfc4ba0f0b', 'Asa', 'Edward', 'edward.a@sample.com', 'user2', '$2a$08$dCcvzOCcZf2of6Pnwr/CXOPuVfRmm9w4E8cVWX8CmM4k2g7n1p3i6');
INSERT INTO public.user_profile (id, first_name, last_name, email, username, password) VALUES ('a5ca5c8c-bc9f-4ae2-95ac-0f85aefffb46', 'Harry', 'James', 'james.h@sample.com', 'user3', '$2a$08$cNq1ulmQN05MchA1Z3IhX.AzQ.qB/USuvRletqennz29vFbtioyj6');
INSERT INTO public.user_profile (id, first_name, last_name, email, username, password) VALUES ('32ce857c-3c82-4d83-9f09-c04a369e5f03', 'Timothy', 'Dodson', 'dodson.t@sample.com', 'user4', '$2a$08$pgOoH/bA5gpxKKKXpAOyNOtvVW7LrVkz3szZyb7.MdrwUXAYz.AF2');
INSERT INTO public.user_profile (id, first_name, last_name, email, username, password) VALUES ('afb26d23-94f0-4b50-b637-0f32d4f980ed', 'Yuri', 'Davis', 'davis.y@sample.com', 'user5', '$2a$08$RZUvByUVVVho/artlyM67.nOt7f5KtqQk2REnAU.JxZMLATyyA6Q2');
INSERT INTO public.user_profile (id, first_name, last_name, email, username, password) VALUES ('dfc663b4-a548-4f06-862d-5da51b9566b4', 'Ethal', 'May', 'may.e@sample.com', 'user6', '$2a$08$Y/Qw2.oJ2ZTwOGCBqPyVi.oTIiEr43Z8yMuC46.LgkCaRyh2yxgS6');
INSERT INTO public.user_profile (id, first_name, last_name, email, username, password) VALUES ('27085e23-2204-47ae-bbf5-71264042e82a', 'Ruby', 'Eleanor', 'eleanor.r@sample.com', 'user7', '$2a$08$NxeTPLean5HqIyEfINwGjuHVljp8J.iK2MhYhO2UJ/ygXzG4hUK9a');

INSERT INTO public.promotion (id, "placeId", "promotionType", cuisine, name, description, date_added, expiration_date, tsvector, "restaurantName", "userId") VALUES ('474b60b7-4ef4-47cf-bdbe-ad1343f2325a', 'ChIJIfBAsjeuEmsRdgu9Pl1Ps48', 'Bogo', 'Caribbean', 'promo1', 'description1', '2020-11-28 06:10:44.433668', '2020-11-28 06:10:41.659000', '''description1'':2 ''promo1'':1', 'restaurantName1', '61dc8f33-c68a-4b86-95c0-fbc04f2338d9');
INSERT INTO public.promotion (id, "placeId", "promotionType", cuisine, name, description, date_added, expiration_date, tsvector, "restaurantName", "userId") VALUES ('42ac9efb-3cd6-403e-b49f-a4d484b9228a', 'ChIJ5xQ7szeuEmsRs6Kj7YFZE9k', 'Happy Hour', 'Vietnamese', 'promo2', 'description2', '2020-11-28 06:10:44.459128', '2020-11-28 06:10:41.659000', '''description2'':2 ''promo2'':1', 'restaurantName2', '29de8ac8-0349-4aa8-ace7-e8cfc4ba0f0b');
INSERT INTO public.promotion (id, "placeId", "promotionType", cuisine, name, description, date_added, expiration_date, tsvector, "restaurantName", "userId") VALUES ('5de82fce-36da-47b2-b605-0e29c59a117d', 'ChIJb0n5cWl3hlQRIbVGYLiTEgE', 'Other', 'Korean', 'promo3', 'description3', '2020-11-28 06:10:44.471712', '2020-11-28 06:10:41.659000', '''description3'':2 ''promo3'':1', 'restaurantName3', '29de8ac8-0349-4aa8-ace7-e8cfc4ba0f0b');
INSERT INTO public.promotion (id, "placeId", "promotionType", cuisine, name, description, date_added, expiration_date, tsvector, "restaurantName", "userId") VALUES ('0c517617-4e24-4f9a-a51d-090399d5e069', 'ChIJIfBAsjeuEmsRdgu9Pl1Ps48', 'Bogo', 'Japanese', 'promo4', 'description4', '2020-11-28 06:10:44.477991', '2020-11-28 06:10:41.659000', '''description4'':2 ''promo4'':1', 'restaurantName4', '29de8ac8-0349-4aa8-ace7-e8cfc4ba0f0b');
INSERT INTO public.promotion (id, "placeId", "promotionType", cuisine, name, description, date_added, expiration_date, tsvector, "restaurantName", "userId") VALUES ('519339fe-fd77-46ab-9905-a695b59f476a', 'ChIJ5xQ7szeuEmsRs6Kj7YFZE9k', 'Happy Hour', 'Other', 'promo5', 'description5', '2020-11-28 06:10:44.485073', '2020-11-28 06:10:41.659000', '''description5'':2 ''promo5'':1', 'restaurantName5', 'a5ca5c8c-bc9f-4ae2-95ac-0f85aefffb46');
INSERT INTO public.promotion (id, "placeId", "promotionType", cuisine, name, description, date_added, expiration_date, tsvector, "restaurantName", "userId") VALUES ('814198ac-5c3e-499a-9b8c-28b91843da1e', 'ChIJb0n5cWl3hlQRIbVGYLiTEgE', 'Other', 'Caribbean', 'promo6', 'description6', '2020-11-28 06:10:44.498872', '2020-11-28 06:10:41.659000', '''description6'':2 ''promo6'':1', 'restaurantName6', '32ce857c-3c82-4d83-9f09-c04a369e5f03');
INSERT INTO public.promotion (id, "placeId", "promotionType", cuisine, name, description, date_added, expiration_date, tsvector, "restaurantName", "userId") VALUES ('abfc9a71-36cd-4823-abe6-3bcfdc20ff7d', 'ChIJIfBAsjeuEmsRdgu9Pl1Ps48', 'Bogo', 'Vietnamese', 'promo7', 'description7', '2020-11-28 06:10:44.510898', '2020-11-28 06:10:41.659000', '''description7'':2 ''promo7'':1', 'restaurantName7', 'afb26d23-94f0-4b50-b637-0f32d4f980ed');
INSERT INTO public.promotion (id, "placeId", "promotionType", cuisine, name, description, date_added, expiration_date, tsvector, "restaurantName", "userId") VALUES ('c6937271-fd16-4606-a293-1ca2859e5dc7', 'ChIJ5xQ7szeuEmsRs6Kj7YFZE9k', 'Happy Hour', 'Korean', 'promo8', 'description8', '2020-11-28 06:10:44.519429', '2020-11-28 06:10:41.659000', '''description8'':2 ''promo8'':1', 'restaurantName8', 'afb26d23-94f0-4b50-b637-0f32d4f980ed');
INSERT INTO public.promotion (id, "placeId", "promotionType", cuisine, name, description, date_added, expiration_date, tsvector, "restaurantName", "userId") VALUES ('328781af-7512-4c00-9aad-f85d6a65c586', 'ChIJb0n5cWl3hlQRIbVGYLiTEgE', 'Other', 'Japanese', 'promo9', 'description9', '2020-11-28 06:10:44.535691', '2020-11-28 06:10:41.659000', '''description9'':2 ''promo9'':1', 'restaurantName9', 'dfc663b4-a548-4f06-862d-5da51b9566b4');
INSERT INTO public.promotion (id, "placeId", "promotionType", cuisine, name, description, date_added, expiration_date, tsvector, "restaurantName", "userId") VALUES ('33c0daa0-396e-45ca-9b83-f4ce0534e97a', 'ChIJIfBAsjeuEmsRdgu9Pl1Ps48', 'Bogo', 'Other', 'promo10', 'description10', '2020-11-28 06:10:44.544161', '2020-11-28 06:10:41.659000', '''description10'':2 ''promo10'':1', 'restaurantName10', 'dfc663b4-a548-4f06-862d-5da51b9566b4');
INSERT INTO public.promotion (id, "placeId", "promotionType", cuisine, name, description, date_added, expiration_date, tsvector, "restaurantName", "userId") VALUES ('528651ba-26ac-4a9d-afb1-4b044f517878', 'ChIJ5xQ7szeuEmsRs6Kj7YFZE9k', 'Happy Hour', 'Caribbean', 'promo11', 'description11', '2020-11-28 06:10:44.551983', '2020-11-28 06:10:41.659000', '''description11'':2 ''promo11'':1', 'restaurantName11', '27085e23-2204-47ae-bbf5-71264042e82a');
INSERT INTO public.promotion (id, "placeId", "promotionType", cuisine, name, description, date_added, expiration_date, tsvector, "restaurantName", "userId") VALUES ('29bc4be2-e303-4534-8cff-1c120fc31967', 'ChIJb0n5cWl3hlQRIbVGYLiTEgE', 'Other', 'Vietnamese', 'promo12', 'description12', '2020-11-28 06:10:44.557591', '2020-11-28 06:10:41.659000', '''description12'':2 ''promo12'':1', 'restaurantName12', '27085e23-2204-47ae-bbf5-71264042e82a');
INSERT INTO public.promotion (id, "placeId", "promotionType", cuisine, name, description, date_added, expiration_date, tsvector, "restaurantName", "userId") VALUES ('d7259c01-fc82-40dc-9f21-14028821fd54', 'ChIJIfBAsjeuEmsRdgu9Pl1Ps48', 'Bogo', 'Korean', 'promo13', 'description13', '2020-11-28 06:10:44.562991', '2020-11-28 06:10:41.659000', '''description13'':2 ''promo13'':1', 'restaurantName13', '27085e23-2204-47ae-bbf5-71264042e82a');
INSERT INTO public.promotion (id, "placeId", "promotionType", cuisine, name, description, date_added, expiration_date, tsvector, "restaurantName", "userId") VALUES ('de67c1b8-9a00-4422-acdd-6a8b5840509e', 'ChIJ5xQ7szeuEmsRs6Kj7YFZE9k', 'Happy Hour', 'Japanese', 'promo14', 'description14', '2020-11-28 06:10:44.570567', '2020-11-28 06:10:41.659000', '''description14'':2 ''promo14'':1', 'restaurantName14', '27085e23-2204-47ae-bbf5-71264042e82a');
INSERT INTO public.promotion (id, "placeId", "promotionType", cuisine, name, description, date_added, expiration_date, tsvector, "restaurantName", "userId") VALUES ('fc06cc8d-3f69-4f2b-a9cf-1156e4881438', 'ChIJb0n5cWl3hlQRIbVGYLiTEgE', 'Other', 'Other', 'promo15', 'description15', '2020-11-28 06:10:44.579588', '2020-11-28 06:10:41.659000', '''description15'':2 ''promo15'':1', 'restaurantName15', '27085e23-2204-47ae-bbf5-71264042e82a');
INSERT INTO public.promotion (id, "placeId", "promotionType", cuisine, name, description, date_added, expiration_date, tsvector, "restaurantName", "userId") VALUES ('12eb1f17-7b15-44f5-86ac-17e366b01683', 'ChIJIfBAsjeuEmsRdgu9Pl1Ps48', 'Bogo', 'Caribbean', 'promo16', 'description16', '2020-11-28 06:10:44.584301', '2020-11-28 06:10:41.659000', '''description16'':2 ''promo16'':1', 'restaurantName16', '27085e23-2204-47ae-bbf5-71264042e82a');

INSERT INTO public.discount (id, "discountType", "discountValue", "promotionId") VALUES ('4a00ceb6-66d3-404e-9d72-380c5049ef5d', '%', 1, '474b60b7-4ef4-47cf-bdbe-ad1343f2325a');
INSERT INTO public.discount (id, "discountType", "discountValue", "promotionId") VALUES ('a78baa17-8177-42d4-8070-8c6babdbeffb', '%', 2, '42ac9efb-3cd6-403e-b49f-a4d484b9228a');
INSERT INTO public.discount (id, "discountType", "discountValue", "promotionId") VALUES ('3c7cdd85-8b22-474a-820a-f10b0a943ced', '$', 3.99, '5de82fce-36da-47b2-b605-0e29c59a117d');
INSERT INTO public.discount (id, "discountType", "discountValue", "promotionId") VALUES ('21f1c894-7a46-41de-854f-efe84fd9dbb3', '$', 4, '0c517617-4e24-4f9a-a51d-090399d5e069');
INSERT INTO public.discount (id, "discountType", "discountValue", "promotionId") VALUES ('40255e7f-7caf-4d04-96c8-77ba4e026be9', '%', 5.6, '519339fe-fd77-46ab-9905-a695b59f476a');
INSERT INTO public.discount (id, "discountType", "discountValue", "promotionId") VALUES ('00c897e7-d117-42f8-9c4e-089d9229fa6d', '%', 6, '814198ac-5c3e-499a-9b8c-28b91843da1e');
INSERT INTO public.discount (id, "discountType", "discountValue", "promotionId") VALUES ('e56b8a52-998c-4ffd-a729-0e611c4b70ec', '$', 7, 'abfc9a71-36cd-4823-abe6-3bcfdc20ff7d');
INSERT INTO public.discount (id, "discountType", "discountValue", "promotionId") VALUES ('fac8e8c2-8f22-44f1-834e-825976d128e1', '$', 8, 'c6937271-fd16-4606-a293-1ca2859e5dc7');
INSERT INTO public.discount (id, "discountType", "discountValue", "promotionId") VALUES ('02654280-02f3-4c0b-b526-7ca534625f20', '%', 9, '328781af-7512-4c00-9aad-f85d6a65c586');
INSERT INTO public.discount (id, "discountType", "discountValue", "promotionId") VALUES ('2f7d89d8-3a4d-433c-bc68-73a0bbc85990', '%', 10, '33c0daa0-396e-45ca-9b83-f4ce0534e97a');
INSERT INTO public.discount (id, "discountType", "discountValue", "promotionId") VALUES ('d3d29bd4-1c3d-42ec-975a-58333f7d7c71', '$', 11, '528651ba-26ac-4a9d-afb1-4b044f517878');
INSERT INTO public.discount (id, "discountType", "discountValue", "promotionId") VALUES ('4481f750-b73f-4528-bc7e-4ad238b0f99f', '$', 12, '29bc4be2-e303-4534-8cff-1c120fc31967');
INSERT INTO public.discount (id, "discountType", "discountValue", "promotionId") VALUES ('00082e5a-3e5f-46b1-ac90-81cb2ee20677', '%', 13, 'd7259c01-fc82-40dc-9f21-14028821fd54');
INSERT INTO public.discount (id, "discountType", "discountValue", "promotionId") VALUES ('1cdb4086-00d2-48c7-b25a-b1b1da537c18', '%', 14, 'de67c1b8-9a00-4422-acdd-6a8b5840509e');
INSERT INTO public.discount (id, "discountType", "discountValue", "promotionId") VALUES ('0e8b1da5-0f96-4b2f-a6c3-4470b78e01e0', '$', 15, 'fc06cc8d-3f69-4f2b-a9cf-1156e4881438');
INSERT INTO public.discount (id, "discountType", "discountValue", "promotionId") VALUES ('038d570b-6f2e-4f35-9aa9-6cbc01a10e6b', '$', 16, '12eb1f17-7b15-44f5-86ac-17e366b01683');

INSERT INTO public.saved_promotion ("userId", "promotionId", date_saved) VALUES ('61dc8f33-c68a-4b86-95c0-fbc04f2338d9', '474b60b7-4ef4-47cf-bdbe-ad1343f2325a', '2020-11-28 06:10:44.600939');
INSERT INTO public.saved_promotion ("userId", "promotionId", date_saved) VALUES ('61dc8f33-c68a-4b86-95c0-fbc04f2338d9', '5de82fce-36da-47b2-b605-0e29c59a117d', '2020-11-28 06:10:44.637679');
INSERT INTO public.saved_promotion ("userId", "promotionId", date_saved) VALUES ('61dc8f33-c68a-4b86-95c0-fbc04f2338d9', '42ac9efb-3cd6-403e-b49f-a4d484b9228a', '2020-11-28 06:10:44.643580');
INSERT INTO public.saved_promotion ("userId", "promotionId", date_saved) VALUES ('61dc8f33-c68a-4b86-95c0-fbc04f2338d9', '0c517617-4e24-4f9a-a51d-090399d5e069', '2020-11-28 06:10:44.682345');
INSERT INTO public.saved_promotion ("userId", "promotionId", date_saved) VALUES ('61dc8f33-c68a-4b86-95c0-fbc04f2338d9', 'c6937271-fd16-4606-a293-1ca2859e5dc7', '2020-11-28 06:10:44.730061');
INSERT INTO public.saved_promotion ("userId", "promotionId", date_saved) VALUES ('61dc8f33-c68a-4b86-95c0-fbc04f2338d9', 'abfc9a71-36cd-4823-abe6-3bcfdc20ff7d', '2020-11-28 06:10:44.730595');
INSERT INTO public.saved_promotion ("userId", "promotionId", date_saved) VALUES ('29de8ac8-0349-4aa8-ace7-e8cfc4ba0f0b', '474b60b7-4ef4-47cf-bdbe-ad1343f2325a', '2020-11-28 06:10:44.759562');
INSERT INTO public.saved_promotion ("userId", "promotionId", date_saved) VALUES ('29de8ac8-0349-4aa8-ace7-e8cfc4ba0f0b', '42ac9efb-3cd6-403e-b49f-a4d484b9228a', '2020-11-28 06:10:44.764426');
INSERT INTO public.saved_promotion ("userId", "promotionId", date_saved) VALUES ('29de8ac8-0349-4aa8-ace7-e8cfc4ba0f0b', '5de82fce-36da-47b2-b605-0e29c59a117d', '2020-11-28 06:10:44.764563');
INSERT INTO public.saved_promotion ("userId", "promotionId", date_saved) VALUES ('29de8ac8-0349-4aa8-ace7-e8cfc4ba0f0b', '0c517617-4e24-4f9a-a51d-090399d5e069', '2020-11-28 06:10:44.764668');
INSERT INTO public.saved_promotion ("userId", "promotionId", date_saved) VALUES ('29de8ac8-0349-4aa8-ace7-e8cfc4ba0f0b', '814198ac-5c3e-499a-9b8c-28b91843da1e', '2020-11-28 06:10:44.765045');
INSERT INTO public.saved_promotion ("userId", "promotionId", date_saved) VALUES ('29de8ac8-0349-4aa8-ace7-e8cfc4ba0f0b', '519339fe-fd77-46ab-9905-a695b59f476a', '2020-11-28 06:10:44.764990');
INSERT INTO public.saved_promotion ("userId", "promotionId", date_saved) VALUES ('a5ca5c8c-bc9f-4ae2-95ac-0f85aefffb46', '474b60b7-4ef4-47cf-bdbe-ad1343f2325a', '2020-11-28 06:10:44.797050');
INSERT INTO public.saved_promotion ("userId", "promotionId", date_saved) VALUES ('a5ca5c8c-bc9f-4ae2-95ac-0f85aefffb46', 'abfc9a71-36cd-4823-abe6-3bcfdc20ff7d', '2020-11-28 06:10:44.797079');
INSERT INTO public.saved_promotion ("userId", "promotionId", date_saved) VALUES ('a5ca5c8c-bc9f-4ae2-95ac-0f85aefffb46', 'c6937271-fd16-4606-a293-1ca2859e5dc7', '2020-11-28 06:10:44.797132');
INSERT INTO public.saved_promotion ("userId", "promotionId", date_saved) VALUES ('32ce857c-3c82-4d83-9f09-c04a369e5f03', '474b60b7-4ef4-47cf-bdbe-ad1343f2325a', '2020-11-28 06:10:44.810019');
INSERT INTO public.saved_promotion ("userId", "promotionId", date_saved) VALUES ('32ce857c-3c82-4d83-9f09-c04a369e5f03', '328781af-7512-4c00-9aad-f85d6a65c586', '2020-11-28 06:10:44.810059');
INSERT INTO public.saved_promotion ("userId", "promotionId", date_saved) VALUES ('32ce857c-3c82-4d83-9f09-c04a369e5f03', '33c0daa0-396e-45ca-9b83-f4ce0534e97a', '2020-11-28 06:10:44.810123');
INSERT INTO public.saved_promotion ("userId", "promotionId", date_saved) VALUES ('afb26d23-94f0-4b50-b637-0f32d4f980ed', '474b60b7-4ef4-47cf-bdbe-ad1343f2325a', '2020-11-28 06:10:44.818909');
INSERT INTO public.saved_promotion ("userId", "promotionId", date_saved) VALUES ('afb26d23-94f0-4b50-b637-0f32d4f980ed', '33c0daa0-396e-45ca-9b83-f4ce0534e97a', '2020-11-28 06:10:44.818940');
INSERT INTO public.saved_promotion ("userId", "promotionId", date_saved) VALUES ('afb26d23-94f0-4b50-b637-0f32d4f980ed', '528651ba-26ac-4a9d-afb1-4b044f517878', '2020-11-28 06:10:44.818989');
INSERT INTO public.saved_promotion ("userId", "promotionId", date_saved) VALUES ('afb26d23-94f0-4b50-b637-0f32d4f980ed', '42ac9efb-3cd6-403e-b49f-a4d484b9228a', '2020-11-28 06:10:44.819026');
INSERT INTO public.saved_promotion ("userId", "promotionId", date_saved) VALUES ('afb26d23-94f0-4b50-b637-0f32d4f980ed', '5de82fce-36da-47b2-b605-0e29c59a117d', '2020-11-28 06:10:44.819066');
INSERT INTO public.saved_promotion ("userId", "promotionId", date_saved) VALUES ('dfc663b4-a548-4f06-862d-5da51b9566b4', '474b60b7-4ef4-47cf-bdbe-ad1343f2325a', '2020-11-28 06:10:44.828101');
INSERT INTO public.saved_promotion ("userId", "promotionId", date_saved) VALUES ('dfc663b4-a548-4f06-862d-5da51b9566b4', '528651ba-26ac-4a9d-afb1-4b044f517878', '2020-11-28 06:10:44.828268');
INSERT INTO public.saved_promotion ("userId", "promotionId", date_saved) VALUES ('dfc663b4-a548-4f06-862d-5da51b9566b4', '29bc4be2-e303-4534-8cff-1c120fc31967', '2020-11-28 06:10:44.828332');
INSERT INTO public.saved_promotion ("userId", "promotionId", date_saved) VALUES ('dfc663b4-a548-4f06-862d-5da51b9566b4', 'd7259c01-fc82-40dc-9f21-14028821fd54', '2020-11-28 06:10:44.828387');
INSERT INTO public.saved_promotion ("userId", "promotionId", date_saved) VALUES ('dfc663b4-a548-4f06-862d-5da51b9566b4', 'de67c1b8-9a00-4422-acdd-6a8b5840509e', '2020-11-28 06:10:44.828439');
INSERT INTO public.saved_promotion ("userId", "promotionId", date_saved) VALUES ('dfc663b4-a548-4f06-862d-5da51b9566b4', 'fc06cc8d-3f69-4f2b-a9cf-1156e4881438', '2020-11-28 06:10:44.828487');
INSERT INTO public.saved_promotion ("userId", "promotionId", date_saved) VALUES ('dfc663b4-a548-4f06-862d-5da51b9566b4', '12eb1f17-7b15-44f5-86ac-17e366b01683', '2020-11-28 06:10:44.860108');
INSERT INTO public.saved_promotion ("userId", "promotionId", date_saved) VALUES ('27085e23-2204-47ae-bbf5-71264042e82a', '474b60b7-4ef4-47cf-bdbe-ad1343f2325a', '2020-11-28 06:10:44.872513');
INSERT INTO public.saved_promotion ("userId", "promotionId", date_saved) VALUES ('27085e23-2204-47ae-bbf5-71264042e82a', '42ac9efb-3cd6-403e-b49f-a4d484b9228a', '2020-11-28 06:10:44.873943');
INSERT INTO public.saved_promotion ("userId", "promotionId", date_saved) VALUES ('27085e23-2204-47ae-bbf5-71264042e82a', '5de82fce-36da-47b2-b605-0e29c59a117d', '2020-11-28 06:10:44.874021');
INSERT INTO public.saved_promotion ("userId", "promotionId", date_saved) VALUES ('27085e23-2204-47ae-bbf5-71264042e82a', '0c517617-4e24-4f9a-a51d-090399d5e069', '2020-11-28 06:10:44.874158');
INSERT INTO public.saved_promotion ("userId", "promotionId", date_saved) VALUES ('27085e23-2204-47ae-bbf5-71264042e82a', '519339fe-fd77-46ab-9905-a695b59f476a', '2020-11-28 06:10:44.874220');
INSERT INTO public.saved_promotion ("userId", "promotionId", date_saved) VALUES ('27085e23-2204-47ae-bbf5-71264042e82a', '814198ac-5c3e-499a-9b8c-28b91843da1e', '2020-11-28 06:10:44.874255');
INSERT INTO public.saved_promotion ("userId", "promotionId", date_saved) VALUES ('27085e23-2204-47ae-bbf5-71264042e82a', 'abfc9a71-36cd-4823-abe6-3bcfdc20ff7d', '2020-11-28 06:10:44.874284');
INSERT INTO public.saved_promotion ("userId", "promotionId", date_saved) VALUES ('27085e23-2204-47ae-bbf5-71264042e82a', '528651ba-26ac-4a9d-afb1-4b044f517878', '2020-11-28 06:10:44.897499');
INSERT INTO public.saved_promotion ("userId", "promotionId", date_saved) VALUES ('27085e23-2204-47ae-bbf5-71264042e82a', '29bc4be2-e303-4534-8cff-1c120fc31967', '2020-11-28 06:10:44.917203');
INSERT INTO public.saved_promotion ("userId", "promotionId", date_saved) VALUES ('27085e23-2204-47ae-bbf5-71264042e82a', 'd7259c01-fc82-40dc-9f21-14028821fd54', '2020-11-28 06:10:44.918933');
INSERT INTO public.saved_promotion ("userId", "promotionId", date_saved) VALUES ('27085e23-2204-47ae-bbf5-71264042e82a', 'de67c1b8-9a00-4422-acdd-6a8b5840509e', '2020-11-28 06:10:44.919205');
INSERT INTO public.saved_promotion ("userId", "promotionId", date_saved) VALUES ('27085e23-2204-47ae-bbf5-71264042e82a', 'fc06cc8d-3f69-4f2b-a9cf-1156e4881438', '2020-11-28 06:10:44.919325');
INSERT INTO public.saved_promotion ("userId", "promotionId", date_saved) VALUES ('27085e23-2204-47ae-bbf5-71264042e82a', '12eb1f17-7b15-44f5-86ac-17e366b01683', '2020-11-28 06:10:44.919776');
INSERT INTO public.saved_promotion ("userId", "promotionId", date_saved) VALUES ('27085e23-2204-47ae-bbf5-71264042e82a', 'c6937271-fd16-4606-a293-1ca2859e5dc7', '2020-11-28 06:10:44.920507');
INSERT INTO public.saved_promotion ("userId", "promotionId", date_saved) VALUES ('27085e23-2204-47ae-bbf5-71264042e82a', '328781af-7512-4c00-9aad-f85d6a65c586', '2020-11-28 06:10:44.949125');
INSERT INTO public.saved_promotion ("userId", "promotionId", date_saved) VALUES ('27085e23-2204-47ae-bbf5-71264042e82a', '33c0daa0-396e-45ca-9b83-f4ce0534e97a', '2020-11-28 06:10:44.953987');