INSERT INTO public.user_profile (id, first_name, last_name, email, username, password) VALUES ('895f652b-9091-4f38-adcf-93f6fd6603b4', 'John', 'Smith', 'smith.j@sample.com', 'user1', 'user1_password');
INSERT INTO public.user_profile (id, first_name, last_name, email, username, password) VALUES ('584b9130-e824-41d1-9f50-e2b04642d2f1', 'Asa', 'Edward', 'edward.a@sample.com', 'user2', 'user2_password');
INSERT INTO public.user_profile (id, first_name, last_name, email, username, password) VALUES ('0bf0a761-a8e3-4410-8345-5b9b8b06b101', 'Harry', 'James', 'james.h@sample.com', 'user3', 'user3_password');
INSERT INTO public.user_profile (id, first_name, last_name, email, username, password) VALUES ('a86bca8a-7822-4e7b-95ac-590509ae8171', 'Timothy', 'Dodson', 'dodson.t@sample.com', 'user4', 'user4_password');
INSERT INTO public.user_profile (id, first_name, last_name, email, username, password) VALUES ('10c064c1-daf7-4021-974b-11f3c924100c', 'Yuri', 'Davis', 'davis.y@sample.com', 'user5', 'user5_password');
INSERT INTO public.user_profile (id, first_name, last_name, email, username, password) VALUES ('38640db0-fba0-4003-b31f-5c5adbae500a', 'Ethal', 'May', 'may.e@sample.com', 'user6', 'user6_password');
INSERT INTO public.user_profile (id, first_name, last_name, email, username, password) VALUES ('5f7c1806-077f-4585-ad39-a68d633e86f1', 'Ruby', 'Eleanor', 'eleanor.r@sample.com', 'user7', 'user7_password');

INSERT INTO public.promotion (id, "placeId", category, cuisine, name, description, date_added, expiration_date, "userId") VALUES ('176a6748-0a25-4caa-b13d-3f06c2c2835a', 'ChIJIfBAsjeuEmsRdgu9Pl1Ps48', 'Bogo', 'Caribbean', 'promo1', 'description1', '2020-11-10 05:34:53.689353', '2020-11-10 05:34:53.064000', '895f652b-9091-4f38-adcf-93f6fd6603b4');
INSERT INTO public.promotion (id, "placeId", category, cuisine, name, description, date_added, expiration_date, "userId") VALUES ('60efb12d-a986-4a8b-a9dc-18cacd50a318', 'ChIJ5xQ7szeuEmsRs6Kj7YFZE9k', 'Happy Hour', 'Vietnamese', 'promo2', 'description2', '2020-11-10 05:34:53.701886', '2020-11-10 05:34:53.064000', '584b9130-e824-41d1-9f50-e2b04642d2f1');
INSERT INTO public.promotion (id, "placeId", category, cuisine, name, description, date_added, expiration_date, "userId") VALUES ('3891856a-c5aa-46e6-8cb0-a2e0cbf6feb4', 'ChIJb0n5cWl3hlQRIbVGYLiTEgE', 'Other', 'Korean', 'promo3', 'description3', '2020-11-10 05:34:53.706478', '2020-11-10 05:34:53.064000', '584b9130-e824-41d1-9f50-e2b04642d2f1');
INSERT INTO public.promotion (id, "placeId", category, cuisine, name, description, date_added, expiration_date, "userId") VALUES ('65abe361-5432-442c-b7dc-433df1378379', 'ChIJIfBAsjeuEmsRdgu9Pl1Ps48', 'Bogo', 'Japanese', 'promo4', 'description4', '2020-11-10 05:34:53.712264', '2020-11-10 05:34:53.064000', '584b9130-e824-41d1-9f50-e2b04642d2f1');
INSERT INTO public.promotion (id, "placeId", category, cuisine, name, description, date_added, expiration_date, "userId") VALUES ('f75f8f69-87fb-4fd6-9cf3-9759908c023b', 'ChIJ5xQ7szeuEmsRs6Kj7YFZE9k', 'Happy Hour', 'Other', 'promo5', 'description5', '2020-11-10 05:34:53.716948', '2020-11-10 05:34:53.064000', '0bf0a761-a8e3-4410-8345-5b9b8b06b101');
INSERT INTO public.promotion (id, "placeId", category, cuisine, name, description, date_added, expiration_date, "userId") VALUES ('92546069-da3c-40ad-b238-3514ad25eed4', 'ChIJb0n5cWl3hlQRIbVGYLiTEgE', 'Other', 'Caribbean', 'promo6', 'description6', '2020-11-10 05:34:53.721203', '2020-11-10 05:34:53.064000', 'a86bca8a-7822-4e7b-95ac-590509ae8171');
INSERT INTO public.promotion (id, "placeId", category, cuisine, name, description, date_added, expiration_date, "userId") VALUES ('d1fa357d-3e2f-4805-8938-ee9a1aae4b69', 'ChIJIfBAsjeuEmsRdgu9Pl1Ps48', 'Bogo', 'Vietnamese', 'promo7', 'description7', '2020-11-10 05:34:53.725977', '2020-11-10 05:34:53.064000', '10c064c1-daf7-4021-974b-11f3c924100c');
INSERT INTO public.promotion (id, "placeId", category, cuisine, name, description, date_added, expiration_date, "userId") VALUES ('7e7ca923-7e51-4b4a-b238-46522c679254', 'ChIJ5xQ7szeuEmsRs6Kj7YFZE9k', 'Happy Hour', 'Korean', 'promo8', 'description8', '2020-11-10 05:34:53.730973', '2020-11-10 05:34:53.064000', '10c064c1-daf7-4021-974b-11f3c924100c');
INSERT INTO public.promotion (id, "placeId", category, cuisine, name, description, date_added, expiration_date, "userId") VALUES ('790b49ea-92d3-443b-b557-bf5e45c67526', 'ChIJb0n5cWl3hlQRIbVGYLiTEgE', 'Other', 'Japanese', 'promo9', 'description9', '2020-11-10 05:34:53.737667', '2020-11-10 05:34:53.064000', '38640db0-fba0-4003-b31f-5c5adbae500a');
INSERT INTO public.promotion (id, "placeId", category, cuisine, name, description, date_added, expiration_date, "userId") VALUES ('72d171ff-0832-44de-90f3-2329fc628f82', 'ChIJIfBAsjeuEmsRdgu9Pl1Ps48', 'Bogo', 'Other', 'promo10', 'description10', '2020-11-10 05:34:53.744077', '2020-11-10 05:34:53.064000', '38640db0-fba0-4003-b31f-5c5adbae500a');
INSERT INTO public.promotion (id, "placeId", category, cuisine, name, description, date_added, expiration_date, "userId") VALUES ('5da1b779-b2aa-44c7-8f06-44e74b44a5dd', 'ChIJ5xQ7szeuEmsRs6Kj7YFZE9k', 'Happy Hour', 'Caribbean', 'promo11', 'description11', '2020-11-10 05:34:53.749182', '2020-11-10 05:34:53.064000', '5f7c1806-077f-4585-ad39-a68d633e86f1');
INSERT INTO public.promotion (id, "placeId", category, cuisine, name, description, date_added, expiration_date, "userId") VALUES ('f75b6543-560c-4e2b-bb1f-d0ad27055493', 'ChIJb0n5cWl3hlQRIbVGYLiTEgE', 'Other', 'Vietnamese', 'promo12', 'description12', '2020-11-10 05:34:53.754729', '2020-11-10 05:34:53.064000', '5f7c1806-077f-4585-ad39-a68d633e86f1');
INSERT INTO public.promotion (id, "placeId", category, cuisine, name, description, date_added, expiration_date, "userId") VALUES ('2788b4a2-b847-4a03-a17a-008a6dffc6f6', 'ChIJIfBAsjeuEmsRdgu9Pl1Ps48', 'Bogo', 'Korean', 'promo13', 'description13', '2020-11-10 05:34:53.760294', '2020-11-10 05:34:53.064000', '5f7c1806-077f-4585-ad39-a68d633e86f1');
INSERT INTO public.promotion (id, "placeId", category, cuisine, name, description, date_added, expiration_date, "userId") VALUES ('9a56bf1d-c1ef-4bff-815d-f1600b50d9ca', 'ChIJ5xQ7szeuEmsRs6Kj7YFZE9k', 'Happy Hour', 'Japanese', 'promo14', 'description14', '2020-11-10 05:34:53.765160', '2020-11-10 05:34:53.064000', '5f7c1806-077f-4585-ad39-a68d633e86f1');
INSERT INTO public.promotion (id, "placeId", category, cuisine, name, description, date_added, expiration_date, "userId") VALUES ('42efe648-92d0-4e61-a2f2-579676605a06', 'ChIJb0n5cWl3hlQRIbVGYLiTEgE', 'Other', 'Other', 'promo15', 'description15', '2020-11-10 05:34:53.770298', '2020-11-10 05:34:53.064000', '5f7c1806-077f-4585-ad39-a68d633e86f1');
INSERT INTO public.promotion (id, "placeId", category, cuisine, name, description, date_added, expiration_date, "userId") VALUES ('0ca8b6bb-b0d1-4623-98d2-6049f5b1b71a', 'ChIJIfBAsjeuEmsRdgu9Pl1Ps48', 'Bogo', 'Caribbean', 'promo16', 'description16', '2020-11-10 05:34:53.775525', '2020-11-10 05:34:53.064000', '5f7c1806-077f-4585-ad39-a68d633e86f1');

INSERT INTO public.discount (id, type, "discountValue", "promotionId") VALUES ('44ab1d61-9a26-453e-85ab-b3c9df4496a9', '%', 1, '176a6748-0a25-4caa-b13d-3f06c2c2835a');
INSERT INTO public.discount (id, type, "discountValue", "promotionId") VALUES ('78200b1b-0c53-4902-b3c0-2c42cfc10be7', '%', 2, '60efb12d-a986-4a8b-a9dc-18cacd50a318');
INSERT INTO public.discount (id, type, "discountValue", "promotionId") VALUES ('40211825-4e8d-4d82-8553-dcfd30d20ccf', '$', 3.99, '3891856a-c5aa-46e6-8cb0-a2e0cbf6feb4');
INSERT INTO public.discount (id, type, "discountValue", "promotionId") VALUES ('bd8ea8d2-a013-4440-b334-872ddb1a4a1e', '$', 4, '65abe361-5432-442c-b7dc-433df1378379');
INSERT INTO public.discount (id, type, "discountValue", "promotionId") VALUES ('7e7f0e33-fcf2-4e54-8e3b-56cc216ce45e', '%', 5.6, 'f75f8f69-87fb-4fd6-9cf3-9759908c023b');
INSERT INTO public.discount (id, type, "discountValue", "promotionId") VALUES ('6c386393-5b11-4719-8ecf-98b5c54b8a4e', '%', 6, '92546069-da3c-40ad-b238-3514ad25eed4');
INSERT INTO public.discount (id, type, "discountValue", "promotionId") VALUES ('a450f9f5-47b8-465c-99e5-e055088733fd', '$', 7, 'd1fa357d-3e2f-4805-8938-ee9a1aae4b69');
INSERT INTO public.discount (id, type, "discountValue", "promotionId") VALUES ('8fd88084-6f7b-470b-9728-f9f3823faab6', '$', 8, '7e7ca923-7e51-4b4a-b238-46522c679254');
INSERT INTO public.discount (id, type, "discountValue", "promotionId") VALUES ('a9121d35-3124-4c63-b0d3-539923a8b44f', '%', 9, '790b49ea-92d3-443b-b557-bf5e45c67526');
INSERT INTO public.discount (id, type, "discountValue", "promotionId") VALUES ('84111308-f853-4317-8ac1-ccdace15debc', '%', 10, '72d171ff-0832-44de-90f3-2329fc628f82');
INSERT INTO public.discount (id, type, "discountValue", "promotionId") VALUES ('d7fa581c-c916-40be-9911-0294aeee377e', '$', 11, '5da1b779-b2aa-44c7-8f06-44e74b44a5dd');
INSERT INTO public.discount (id, type, "discountValue", "promotionId") VALUES ('e0357807-f2c6-4f62-baac-5102237ad118', '$', 12, 'f75b6543-560c-4e2b-bb1f-d0ad27055493');
INSERT INTO public.discount (id, type, "discountValue", "promotionId") VALUES ('9b53f5aa-6bcb-4094-b176-c40cf1e6a03b', '%', 13, '2788b4a2-b847-4a03-a17a-008a6dffc6f6');
INSERT INTO public.discount (id, type, "discountValue", "promotionId") VALUES ('0a962e60-6445-4b14-8e82-b9524d587c5e', '%', 14, '9a56bf1d-c1ef-4bff-815d-f1600b50d9ca');
INSERT INTO public.discount (id, type, "discountValue", "promotionId") VALUES ('545496d4-91eb-4ce0-8215-0e5f3d1cc38a', '$', 15, '42efe648-92d0-4e61-a2f2-579676605a06');
INSERT INTO public.discount (id, type, "discountValue", "promotionId") VALUES ('b4eee23d-8a64-4e98-b212-1705b19937b8', '$', 16, '0ca8b6bb-b0d1-4623-98d2-6049f5b1b71a');

INSERT INTO public.saved_promotion ("userId", "promotionId", date_saved) VALUES ('895f652b-9091-4f38-adcf-93f6fd6603b4', '176a6748-0a25-4caa-b13d-3f06c2c2835a', '2020-11-10 05:34:53.783873');
INSERT INTO public.saved_promotion ("userId", "promotionId", date_saved) VALUES ('895f652b-9091-4f38-adcf-93f6fd6603b4', '60efb12d-a986-4a8b-a9dc-18cacd50a318', '2020-11-10 05:34:53.828355');
INSERT INTO public.saved_promotion ("userId", "promotionId", date_saved) VALUES ('895f652b-9091-4f38-adcf-93f6fd6603b4', '3891856a-c5aa-46e6-8cb0-a2e0cbf6feb4', '2020-11-10 05:34:53.843584');
INSERT INTO public.saved_promotion ("userId", "promotionId", date_saved) VALUES ('895f652b-9091-4f38-adcf-93f6fd6603b4', '65abe361-5432-442c-b7dc-433df1378379', '2020-11-10 05:34:53.849495');
INSERT INTO public.saved_promotion ("userId", "promotionId", date_saved) VALUES ('895f652b-9091-4f38-adcf-93f6fd6603b4', '7e7ca923-7e51-4b4a-b238-46522c679254', '2020-11-10 05:34:53.849887');
INSERT INTO public.saved_promotion ("userId", "promotionId", date_saved) VALUES ('895f652b-9091-4f38-adcf-93f6fd6603b4', 'd1fa357d-3e2f-4805-8938-ee9a1aae4b69', '2020-11-10 05:34:53.852625');
INSERT INTO public.saved_promotion ("userId", "promotionId", date_saved) VALUES ('584b9130-e824-41d1-9f50-e2b04642d2f1', '176a6748-0a25-4caa-b13d-3f06c2c2835a', '2020-11-10 05:34:53.861736');
INSERT INTO public.saved_promotion ("userId", "promotionId", date_saved) VALUES ('584b9130-e824-41d1-9f50-e2b04642d2f1', '60efb12d-a986-4a8b-a9dc-18cacd50a318', '2020-11-10 05:34:53.861795');
INSERT INTO public.saved_promotion ("userId", "promotionId", date_saved) VALUES ('584b9130-e824-41d1-9f50-e2b04642d2f1', '3891856a-c5aa-46e6-8cb0-a2e0cbf6feb4', '2020-11-10 05:34:53.861841');
INSERT INTO public.saved_promotion ("userId", "promotionId", date_saved) VALUES ('584b9130-e824-41d1-9f50-e2b04642d2f1', 'f75f8f69-87fb-4fd6-9cf3-9759908c023b', '2020-11-10 05:34:53.861870');
INSERT INTO public.saved_promotion ("userId", "promotionId", date_saved) VALUES ('584b9130-e824-41d1-9f50-e2b04642d2f1', '65abe361-5432-442c-b7dc-433df1378379', '2020-11-10 05:34:53.861896');
INSERT INTO public.saved_promotion ("userId", "promotionId", date_saved) VALUES ('584b9130-e824-41d1-9f50-e2b04642d2f1', '92546069-da3c-40ad-b238-3514ad25eed4', '2020-11-10 05:34:53.861962');
INSERT INTO public.saved_promotion ("userId", "promotionId", date_saved) VALUES ('0bf0a761-a8e3-4410-8345-5b9b8b06b101', '176a6748-0a25-4caa-b13d-3f06c2c2835a', '2020-11-10 05:34:53.866955');
INSERT INTO public.saved_promotion ("userId", "promotionId", date_saved) VALUES ('0bf0a761-a8e3-4410-8345-5b9b8b06b101', 'd1fa357d-3e2f-4805-8938-ee9a1aae4b69', '2020-11-10 05:34:53.866969');
INSERT INTO public.saved_promotion ("userId", "promotionId", date_saved) VALUES ('0bf0a761-a8e3-4410-8345-5b9b8b06b101', '7e7ca923-7e51-4b4a-b238-46522c679254', '2020-11-10 05:34:53.867015');
INSERT INTO public.saved_promotion ("userId", "promotionId", date_saved) VALUES ('a86bca8a-7822-4e7b-95ac-590509ae8171', '176a6748-0a25-4caa-b13d-3f06c2c2835a', '2020-11-10 05:34:53.870057');
INSERT INTO public.saved_promotion ("userId", "promotionId", date_saved) VALUES ('a86bca8a-7822-4e7b-95ac-590509ae8171', '790b49ea-92d3-443b-b557-bf5e45c67526', '2020-11-10 05:34:53.870110');
INSERT INTO public.saved_promotion ("userId", "promotionId", date_saved) VALUES ('a86bca8a-7822-4e7b-95ac-590509ae8171', '72d171ff-0832-44de-90f3-2329fc628f82', '2020-11-10 05:34:53.870194');
INSERT INTO public.saved_promotion ("userId", "promotionId", date_saved) VALUES ('10c064c1-daf7-4021-974b-11f3c924100c', '176a6748-0a25-4caa-b13d-3f06c2c2835a', '2020-11-10 05:34:53.873233');
INSERT INTO public.saved_promotion ("userId", "promotionId", date_saved) VALUES ('10c064c1-daf7-4021-974b-11f3c924100c', '72d171ff-0832-44de-90f3-2329fc628f82', '2020-11-10 05:34:53.873284');
INSERT INTO public.saved_promotion ("userId", "promotionId", date_saved) VALUES ('10c064c1-daf7-4021-974b-11f3c924100c', '5da1b779-b2aa-44c7-8f06-44e74b44a5dd', '2020-11-10 05:34:53.873346');
INSERT INTO public.saved_promotion ("userId", "promotionId", date_saved) VALUES ('10c064c1-daf7-4021-974b-11f3c924100c', '60efb12d-a986-4a8b-a9dc-18cacd50a318', '2020-11-10 05:34:53.873388');
INSERT INTO public.saved_promotion ("userId", "promotionId", date_saved) VALUES ('10c064c1-daf7-4021-974b-11f3c924100c', '3891856a-c5aa-46e6-8cb0-a2e0cbf6feb4', '2020-11-10 05:34:53.873479');
INSERT INTO public.saved_promotion ("userId", "promotionId", date_saved) VALUES ('38640db0-fba0-4003-b31f-5c5adbae500a', '176a6748-0a25-4caa-b13d-3f06c2c2835a', '2020-11-10 05:34:53.877829');
INSERT INTO public.saved_promotion ("userId", "promotionId", date_saved) VALUES ('38640db0-fba0-4003-b31f-5c5adbae500a', '5da1b779-b2aa-44c7-8f06-44e74b44a5dd', '2020-11-10 05:34:53.877882');
INSERT INTO public.saved_promotion ("userId", "promotionId", date_saved) VALUES ('38640db0-fba0-4003-b31f-5c5adbae500a', '2788b4a2-b847-4a03-a17a-008a6dffc6f6', '2020-11-10 05:34:53.877969');
INSERT INTO public.saved_promotion ("userId", "promotionId", date_saved) VALUES ('38640db0-fba0-4003-b31f-5c5adbae500a', 'f75b6543-560c-4e2b-bb1f-d0ad27055493', '2020-11-10 05:34:53.877969');
INSERT INTO public.saved_promotion ("userId", "promotionId", date_saved) VALUES ('38640db0-fba0-4003-b31f-5c5adbae500a', '9a56bf1d-c1ef-4bff-815d-f1600b50d9ca', '2020-11-10 05:34:53.878022');
INSERT INTO public.saved_promotion ("userId", "promotionId", date_saved) VALUES ('38640db0-fba0-4003-b31f-5c5adbae500a', '42efe648-92d0-4e61-a2f2-579676605a06', '2020-11-10 05:34:53.878046');
INSERT INTO public.saved_promotion ("userId", "promotionId", date_saved) VALUES ('38640db0-fba0-4003-b31f-5c5adbae500a', '0ca8b6bb-b0d1-4623-98d2-6049f5b1b71a', '2020-11-10 05:34:53.907628');
INSERT INTO public.saved_promotion ("userId", "promotionId", date_saved) VALUES ('5f7c1806-077f-4585-ad39-a68d633e86f1', '176a6748-0a25-4caa-b13d-3f06c2c2835a', '2020-11-10 05:34:53.915412');
INSERT INTO public.saved_promotion ("userId", "promotionId", date_saved) VALUES ('5f7c1806-077f-4585-ad39-a68d633e86f1', '60efb12d-a986-4a8b-a9dc-18cacd50a318', '2020-11-10 05:34:53.915473');
INSERT INTO public.saved_promotion ("userId", "promotionId", date_saved) VALUES ('5f7c1806-077f-4585-ad39-a68d633e86f1', '3891856a-c5aa-46e6-8cb0-a2e0cbf6feb4', '2020-11-10 05:34:53.915532');
INSERT INTO public.saved_promotion ("userId", "promotionId", date_saved) VALUES ('5f7c1806-077f-4585-ad39-a68d633e86f1', '65abe361-5432-442c-b7dc-433df1378379', '2020-11-10 05:34:53.915553');
INSERT INTO public.saved_promotion ("userId", "promotionId", date_saved) VALUES ('5f7c1806-077f-4585-ad39-a68d633e86f1', 'f75f8f69-87fb-4fd6-9cf3-9759908c023b', '2020-11-10 05:34:53.915604');
INSERT INTO public.saved_promotion ("userId", "promotionId", date_saved) VALUES ('5f7c1806-077f-4585-ad39-a68d633e86f1', '92546069-da3c-40ad-b238-3514ad25eed4', '2020-11-10 05:34:53.915622');
INSERT INTO public.saved_promotion ("userId", "promotionId", date_saved) VALUES ('5f7c1806-077f-4585-ad39-a68d633e86f1', 'd1fa357d-3e2f-4805-8938-ee9a1aae4b69', '2020-11-10 05:34:53.915665');
INSERT INTO public.saved_promotion ("userId", "promotionId", date_saved) VALUES ('5f7c1806-077f-4585-ad39-a68d633e86f1', '5da1b779-b2aa-44c7-8f06-44e74b44a5dd', '2020-11-10 05:34:53.925469');
INSERT INTO public.saved_promotion ("userId", "promotionId", date_saved) VALUES ('5f7c1806-077f-4585-ad39-a68d633e86f1', 'f75b6543-560c-4e2b-bb1f-d0ad27055493', '2020-11-10 05:34:53.925757');
INSERT INTO public.saved_promotion ("userId", "promotionId", date_saved) VALUES ('5f7c1806-077f-4585-ad39-a68d633e86f1', '2788b4a2-b847-4a03-a17a-008a6dffc6f6', '2020-11-10 05:34:53.925999');
INSERT INTO public.saved_promotion ("userId", "promotionId", date_saved) VALUES ('5f7c1806-077f-4585-ad39-a68d633e86f1', '9a56bf1d-c1ef-4bff-815d-f1600b50d9ca', '2020-11-10 05:34:53.926243');
INSERT INTO public.saved_promotion ("userId", "promotionId", date_saved) VALUES ('5f7c1806-077f-4585-ad39-a68d633e86f1', '42efe648-92d0-4e61-a2f2-579676605a06', '2020-11-10 05:34:53.926529');
INSERT INTO public.saved_promotion ("userId", "promotionId", date_saved) VALUES ('5f7c1806-077f-4585-ad39-a68d633e86f1', '0ca8b6bb-b0d1-4623-98d2-6049f5b1b71a', '2020-11-10 05:34:53.927831');
INSERT INTO public.saved_promotion ("userId", "promotionId", date_saved) VALUES ('5f7c1806-077f-4585-ad39-a68d633e86f1', '7e7ca923-7e51-4b4a-b238-46522c679254', '2020-11-10 05:34:53.952985');
INSERT INTO public.saved_promotion ("userId", "promotionId", date_saved) VALUES ('5f7c1806-077f-4585-ad39-a68d633e86f1', '790b49ea-92d3-443b-b557-bf5e45c67526', '2020-11-10 05:34:53.958291');
INSERT INTO public.saved_promotion ("userId", "promotionId", date_saved) VALUES ('5f7c1806-077f-4585-ad39-a68d633e86f1', '72d171ff-0832-44de-90f3-2329fc628f82', '2020-11-10 05:34:53.959369');