INSERT INTO public.user_profile (id, first_name, last_name, email, username, password) VALUES ('b2633468-573b-4842-ad29-d5cb520dfb80', 'John', 'Smith', 'smith.j@sample.com', 'user1', 'user1_password');
INSERT INTO public.user_profile (id, first_name, last_name, email, username, password) VALUES ('748f7148-8536-4fbb-94e3-5548ef97020e', 'Asa', 'Edward', 'edward.a@sample.com', 'user2', 'user2_password');
INSERT INTO public.user_profile (id, first_name, last_name, email, username, password) VALUES ('0c45ae3b-9acd-44d8-9fa8-db565f18fb6b', 'Harry', 'James', 'james.h@sample.com', 'user3', 'user3_password');
INSERT INTO public.user_profile (id, first_name, last_name, email, username, password) VALUES ('daeb1c70-788c-43a7-b07a-132c393a5b79', 'Timothy', 'Dodson', 'dodson.t@sample.com', 'user4', 'user4_password');
INSERT INTO public.user_profile (id, first_name, last_name, email, username, password) VALUES ('6680a7b0-0866-4d73-9397-e15628db81bb', 'Yuri', 'Davis', 'davis.y@sample.com', 'user5', 'user5_password');
INSERT INTO public.user_profile (id, first_name, last_name, email, username, password) VALUES ('cf8f2262-4b4c-4138-9742-1b101bbd18df', 'Ethal', 'May', 'may.e@sample.com', 'user6', 'user6_password');
INSERT INTO public.user_profile (id, first_name, last_name, email, username, password) VALUES ('eab63fe7-6632-44d8-a486-d638b20f25e4', 'Ruby', 'Eleanor', 'eleanor.r@sample.com', 'user7', 'user7_password');

INSERT INTO public.promotion (id, "placeId", "promotionType", cuisine, name, description, date_added, start_date, expiration_date, tsvector, "userId") VALUES ('237787ab-c7f6-4da4-ac62-a8ff9639b686', 'ChIJIfBAsjeuEmsRdgu9Pl1Ps48', 'Bogo', 'Caribbean', 'promo1', 'description1', '2020-11-21 05:36:39.061209', '2020-11-21 05:36:37.860000', '2020-11-21 05:36:37.860000', '''description1'':2 ''promo1'':1', 'b2633468-573b-4842-ad29-d5cb520dfb80');
INSERT INTO public.promotion (id, "placeId", "promotionType", cuisine, name, description, date_added, start_date, expiration_date, tsvector, "userId") VALUES ('d635e8c3-4869-49d3-89b5-37505d085adc', 'ChIJ5xQ7szeuEmsRs6Kj7YFZE9k', 'Happy Hour', 'Vietnamese', 'promo2', 'description2', '2020-11-21 05:36:39.087490', '2020-11-21 05:36:37.860000', '2020-11-21 05:36:37.860000', '''description2'':2 ''promo2'':1', '748f7148-8536-4fbb-94e3-5548ef97020e');
INSERT INTO public.promotion (id, "placeId", "promotionType", cuisine, name, description, date_added, start_date, expiration_date, tsvector, "userId") VALUES ('a806620a-282b-4b04-a3fe-611345d37f85', 'ChIJb0n5cWl3hlQRIbVGYLiTEgE', 'Other', 'Korean', 'promo3', 'description3', '2020-11-21 05:36:39.094793', '2020-11-21 05:36:37.860000', '2020-11-21 05:36:37.860000', '''description3'':2 ''promo3'':1', '748f7148-8536-4fbb-94e3-5548ef97020e');
INSERT INTO public.promotion (id, "placeId", "promotionType", cuisine, name, description, date_added, start_date, expiration_date, tsvector, "userId") VALUES ('527d2a4a-0c14-44b4-bc17-7ea6d3e71770', 'ChIJIfBAsjeuEmsRdgu9Pl1Ps48', 'Bogo', 'Japanese', 'promo4', 'description4', '2020-11-21 05:36:39.101695', '2020-11-21 05:36:37.860000', '2020-11-21 05:36:37.860000', '''description4'':2 ''promo4'':1', '748f7148-8536-4fbb-94e3-5548ef97020e');
INSERT INTO public.promotion (id, "placeId", "promotionType", cuisine, name, description, date_added, start_date, expiration_date, tsvector, "userId") VALUES ('4035d31f-6863-4b84-9789-19b315af5681', 'ChIJ5xQ7szeuEmsRs6Kj7YFZE9k', 'Happy Hour', 'Other', 'promo5', 'description5', '2020-11-21 05:36:39.108395', '2020-11-21 05:36:37.860000', '2020-11-21 05:36:37.860000', '''description5'':2 ''promo5'':1', '0c45ae3b-9acd-44d8-9fa8-db565f18fb6b');
INSERT INTO public.promotion (id, "placeId", "promotionType", cuisine, name, description, date_added, start_date, expiration_date, tsvector, "userId") VALUES ('80d8b97a-9412-4b36-a59d-9ba4aac47816', 'ChIJb0n5cWl3hlQRIbVGYLiTEgE', 'Other', 'Caribbean', 'promo6', 'description6', '2020-11-21 05:36:39.116409', '2020-11-21 05:36:37.860000', '2020-11-21 05:36:37.860000', '''description6'':2 ''promo6'':1', 'daeb1c70-788c-43a7-b07a-132c393a5b79');
INSERT INTO public.promotion (id, "placeId", "promotionType", cuisine, name, description, date_added, start_date, expiration_date, tsvector, "userId") VALUES ('e7d59756-5b52-4f5c-af38-5b2ee203bcf6', 'ChIJIfBAsjeuEmsRdgu9Pl1Ps48', 'Bogo', 'Vietnamese', 'promo7', 'description7', '2020-11-21 05:36:39.123379', '2020-11-21 05:36:37.860000', '2020-11-21 05:36:37.860000', '''description7'':2 ''promo7'':1', '6680a7b0-0866-4d73-9397-e15628db81bb');
INSERT INTO public.promotion (id, "placeId", "promotionType", cuisine, name, description, date_added, start_date, expiration_date, tsvector, "userId") VALUES ('1bccbb87-6278-4535-9057-86174e150abb', 'ChIJ5xQ7szeuEmsRs6Kj7YFZE9k', 'Happy Hour', 'Korean', 'promo8', 'description8', '2020-11-21 05:36:39.129210', '2020-11-21 05:36:37.860000', '2020-11-21 05:36:37.860000', '''description8'':2 ''promo8'':1', '6680a7b0-0866-4d73-9397-e15628db81bb');
INSERT INTO public.promotion (id, "placeId", "promotionType", cuisine, name, description, date_added, start_date, expiration_date, tsvector, "userId") VALUES ('28212942-fe67-4f50-8303-93f3490ad5c5', 'ChIJb0n5cWl3hlQRIbVGYLiTEgE', 'Other', 'Japanese', 'promo9', 'description9', '2020-11-21 05:36:39.134850', '2020-11-21 05:36:37.860000', '2020-11-21 05:36:37.860000', '''description9'':2 ''promo9'':1', 'cf8f2262-4b4c-4138-9742-1b101bbd18df');
INSERT INTO public.promotion (id, "placeId", "promotionType", cuisine, name, description, date_added, start_date, expiration_date, tsvector, "userId") VALUES ('2002411a-f382-43a4-8927-c86faa43a49b', 'ChIJIfBAsjeuEmsRdgu9Pl1Ps48', 'Bogo', 'Other', 'promo10', 'description10', '2020-11-21 05:36:39.140412', '2020-11-21 05:36:37.860000', '2020-11-21 05:36:37.860000', '''description10'':2 ''promo10'':1', 'cf8f2262-4b4c-4138-9742-1b101bbd18df');
INSERT INTO public.promotion (id, "placeId", "promotionType", cuisine, name, description, date_added, start_date, expiration_date, tsvector, "userId") VALUES ('50347eaa-43e0-47fc-818c-19bea716c319', 'ChIJ5xQ7szeuEmsRs6Kj7YFZE9k', 'Happy Hour', 'Caribbean', 'promo11', 'description11', '2020-11-21 05:36:39.147467', '2020-11-21 05:36:37.860000', '2020-11-21 05:36:37.860000', '''description11'':2 ''promo11'':1', 'eab63fe7-6632-44d8-a486-d638b20f25e4');
INSERT INTO public.promotion (id, "placeId", "promotionType", cuisine, name, description, date_added, start_date, expiration_date, tsvector, "userId") VALUES ('6e249215-6fa3-4e4a-9d61-9c66209415b1', 'ChIJb0n5cWl3hlQRIbVGYLiTEgE', 'Other', 'Vietnamese', 'promo12', 'description12', '2020-11-21 05:36:39.152883', '2020-11-21 05:36:37.860000', '2020-11-21 05:36:37.860000', '''description12'':2 ''promo12'':1', 'eab63fe7-6632-44d8-a486-d638b20f25e4');
INSERT INTO public.promotion (id, "placeId", "promotionType", cuisine, name, description, date_added, start_date, expiration_date, tsvector, "userId") VALUES ('d698d7c0-5b24-4bb0-9a6a-dd5095108ff0', 'ChIJIfBAsjeuEmsRdgu9Pl1Ps48', 'Bogo', 'Korean', 'promo13', 'description13', '2020-11-21 05:36:39.158564', '2020-11-21 05:36:37.860000', '2020-11-21 05:36:37.860000', '''description13'':2 ''promo13'':1', 'eab63fe7-6632-44d8-a486-d638b20f25e4');
INSERT INTO public.promotion (id, "placeId", "promotionType", cuisine, name, description, date_added, start_date, expiration_date, tsvector, "userId") VALUES ('1c930782-ed91-479c-9814-d721c78a11f2', 'ChIJ5xQ7szeuEmsRs6Kj7YFZE9k', 'Happy Hour', 'Japanese', 'promo14', 'description14', '2020-11-21 05:36:39.164073', '2020-11-21 05:36:37.860000', '2020-11-21 05:36:37.860000', '''description14'':2 ''promo14'':1', 'eab63fe7-6632-44d8-a486-d638b20f25e4');
INSERT INTO public.promotion (id, "placeId", "promotionType", cuisine, name, description, date_added, start_date, expiration_date, tsvector, "userId") VALUES ('d8e8d6c9-d551-4a59-9b08-588dab5d760d', 'ChIJb0n5cWl3hlQRIbVGYLiTEgE', 'Other', 'Other', 'promo15', 'description15', '2020-11-21 05:36:39.170684', '2020-11-21 05:36:37.860000', '2020-11-21 05:36:37.860000', '''description15'':2 ''promo15'':1', 'eab63fe7-6632-44d8-a486-d638b20f25e4');
INSERT INTO public.promotion (id, "placeId", "promotionType", cuisine, name, description, date_added, start_date, expiration_date, tsvector, "userId") VALUES ('69a03fff-4dc7-4115-b553-0b3e63c74130', 'ChIJIfBAsjeuEmsRdgu9Pl1Ps48', 'Bogo', 'Caribbean', 'promo16', 'description16', '2020-11-21 05:36:39.176396', '2020-11-21 05:36:37.860000', '2020-11-21 05:36:37.860000', '''description16'':2 ''promo16'':1', 'eab63fe7-6632-44d8-a486-d638b20f25e4');

INSERT INTO public.discount (id, "discountType", "discountValue", "promotionId") VALUES ('64ce31aa-3eaa-403e-a384-ac860110e6af', '%', 1, '237787ab-c7f6-4da4-ac62-a8ff9639b686');
INSERT INTO public.discount (id, "discountType", "discountValue", "promotionId") VALUES ('4a3df7c9-a6df-43a3-a8e1-6e8e1915e885', '%', 2, 'd635e8c3-4869-49d3-89b5-37505d085adc');
INSERT INTO public.discount (id, "discountType", "discountValue", "promotionId") VALUES ('9ff806a9-d8ec-48fe-bda2-249846df6ec4', '$', 3.99, 'a806620a-282b-4b04-a3fe-611345d37f85');
INSERT INTO public.discount (id, "discountType", "discountValue", "promotionId") VALUES ('b5369c9d-4d7e-40b7-867d-f4a10426d987', '$', 4, '527d2a4a-0c14-44b4-bc17-7ea6d3e71770');
INSERT INTO public.discount (id, "discountType", "discountValue", "promotionId") VALUES ('38f68f33-2663-4d21-8f66-76da67164c7f', '%', 5.6, '4035d31f-6863-4b84-9789-19b315af5681');
INSERT INTO public.discount (id, "discountType", "discountValue", "promotionId") VALUES ('aff9eb9c-87eb-4466-8239-3a98d826da6e', '%', 6, '80d8b97a-9412-4b36-a59d-9ba4aac47816');
INSERT INTO public.discount (id, "discountType", "discountValue", "promotionId") VALUES ('dda685a8-f64e-464a-b630-b1d3f8e80e46', '$', 7, 'e7d59756-5b52-4f5c-af38-5b2ee203bcf6');
INSERT INTO public.discount (id, "discountType", "discountValue", "promotionId") VALUES ('bcfff2b9-470c-49f5-8b55-1004a77f0c5e', '$', 8, '1bccbb87-6278-4535-9057-86174e150abb');
INSERT INTO public.discount (id, "discountType", "discountValue", "promotionId") VALUES ('2f6b9e4d-0e3f-4a72-b576-95891a77cb0a', '%', 9, '28212942-fe67-4f50-8303-93f3490ad5c5');
INSERT INTO public.discount (id, "discountType", "discountValue", "promotionId") VALUES ('6da427cc-ec4d-4beb-832d-0aef2d84b347', '%', 10, '2002411a-f382-43a4-8927-c86faa43a49b');
INSERT INTO public.discount (id, "discountType", "discountValue", "promotionId") VALUES ('38d18b7f-0c11-49a4-8801-6b60c3405d40', '$', 11, '50347eaa-43e0-47fc-818c-19bea716c319');
INSERT INTO public.discount (id, "discountType", "discountValue", "promotionId") VALUES ('2924b11b-7223-4406-ac1e-29066c7e4018', '$', 12, '6e249215-6fa3-4e4a-9d61-9c66209415b1');
INSERT INTO public.discount (id, "discountType", "discountValue", "promotionId") VALUES ('6aa6a2a4-dcec-4dab-b01c-c675c92b538e', '%', 13, 'd698d7c0-5b24-4bb0-9a6a-dd5095108ff0');
INSERT INTO public.discount (id, "discountType", "discountValue", "promotionId") VALUES ('40c2cd77-2ffa-4895-a505-12336013829b', '%', 14, '1c930782-ed91-479c-9814-d721c78a11f2');
INSERT INTO public.discount (id, "discountType", "discountValue", "promotionId") VALUES ('61456a18-78bd-45a7-ad78-7b3f0a7fd1ed', '$', 15, 'd8e8d6c9-d551-4a59-9b08-588dab5d760d');
INSERT INTO public.discount (id, "discountType", "discountValue", "promotionId") VALUES ('4e32bf36-5bea-4b67-9c27-eec7e7d1c259', '$', 16, '69a03fff-4dc7-4115-b553-0b3e63c74130');

INSERT INTO public.schedule (id, "startTime", "endTime", "dayOfWeek", "isRecurring", "promotionId") VALUES ('56dd3519-1c28-46f3-ba7f-b8a56f6f73da', '08:00:00', '11:00:00', 'Monday', false, '237787ab-c7f6-4da4-ac62-a8ff9639b686');
INSERT INTO public.schedule (id, "startTime", "endTime", "dayOfWeek", "isRecurring", "promotionId") VALUES ('d4fc861f-8cfc-42b5-8939-8db60b0d5af3', '09:00:00', '12:00:00', 'Tuesday', false, '237787ab-c7f6-4da4-ac62-a8ff9639b686');
INSERT INTO public.schedule (id, "startTime", "endTime", "dayOfWeek", "isRecurring", "promotionId") VALUES ('d63136d2-9a90-417b-b8d3-0f41f4325737', '10:00:00', '13:00:00', 'Wednesday', false, 'd635e8c3-4869-49d3-89b5-37505d085adc');
INSERT INTO public.schedule (id, "startTime", "endTime", "dayOfWeek", "isRecurring", "promotionId") VALUES ('2b0935ee-52f0-4bfb-a9ce-adbd699ca787', '11:00:00', '14:00:00', 'Thursday', false, 'd635e8c3-4869-49d3-89b5-37505d085adc');
INSERT INTO public.schedule (id, "startTime", "endTime", "dayOfWeek", "isRecurring", "promotionId") VALUES ('59fdbd30-4ead-44e1-a0f9-40996354d01e', '12:00:00', '15:00:00', 'Friday', false, 'a806620a-282b-4b04-a3fe-611345d37f85');
INSERT INTO public.schedule (id, "startTime", "endTime", "dayOfWeek", "isRecurring", "promotionId") VALUES ('4dff1277-f336-40ad-9233-bf8fae9dd1dc', '13:00:00', '16:00:00', 'Saturday', false, 'a806620a-282b-4b04-a3fe-611345d37f85');
INSERT INTO public.schedule (id, "startTime", "endTime", "dayOfWeek", "isRecurring", "promotionId") VALUES ('f1bcbdc8-5b13-4bf3-a1c1-ed98d3c0c076', '14:00:00', '17:00:00', 'Sunday', false, '527d2a4a-0c14-44b4-bc17-7ea6d3e71770');
INSERT INTO public.schedule (id, "startTime", "endTime", "dayOfWeek", "isRecurring", "promotionId") VALUES ('e0c39e1f-ff09-48b5-8223-15aa6edbb4aa', '15:00:00', '18:00:00', 'Monday', true, '527d2a4a-0c14-44b4-bc17-7ea6d3e71770');
INSERT INTO public.schedule (id, "startTime", "endTime", "dayOfWeek", "isRecurring", "promotionId") VALUES ('57b49530-fb4b-4da5-8839-e7e517c30a91', '16:00:00', '19:00:00', 'Tuesday', true, '4035d31f-6863-4b84-9789-19b315af5681');
INSERT INTO public.schedule (id, "startTime", "endTime", "dayOfWeek", "isRecurring", "promotionId") VALUES ('3d4fbee3-ef19-4729-9c1f-2b3d8a3b0097', '17:00:00', '20:00:00', 'Wednesday', true, '4035d31f-6863-4b84-9789-19b315af5681');
INSERT INTO public.schedule (id, "startTime", "endTime", "dayOfWeek", "isRecurring", "promotionId") VALUES ('71c163c8-95bd-4d9d-b93d-53a1e156951f', '18:00:00', '21:00:00', 'Thursday', true, '80d8b97a-9412-4b36-a59d-9ba4aac47816');
INSERT INTO public.schedule (id, "startTime", "endTime", "dayOfWeek", "isRecurring", "promotionId") VALUES ('41cf5593-d2a5-4ffe-9e3a-3d51e2035e58', '19:00:00', '22:00:00', 'Friday', true, 'e7d59756-5b52-4f5c-af38-5b2ee203bcf6');
INSERT INTO public.schedule (id, "startTime", "endTime", "dayOfWeek", "isRecurring", "promotionId") VALUES ('1a96d721-9218-4704-a882-e99f2427d069', '20:00:00', '23:00:00', 'Saturday', true, '1bccbb87-6278-4535-9057-86174e150abb');
INSERT INTO public.schedule (id, "startTime", "endTime", "dayOfWeek", "isRecurring", "promotionId") VALUES ('a3ca452b-c645-4ff5-af92-1ed850261778', '21:00:00', '00:00:00', 'Sunday', true, '28212942-fe67-4f50-8303-93f3490ad5c5');
INSERT INTO public.schedule (id, "startTime", "endTime", "dayOfWeek", "isRecurring", "promotionId") VALUES ('4b92e63d-c942-4709-abe1-dc4c488545f7', '08:30:00', '10:30:00', 'Monday', true, '2002411a-f382-43a4-8927-c86faa43a49b');
INSERT INTO public.schedule (id, "startTime", "endTime", "dayOfWeek", "isRecurring", "promotionId") VALUES ('7efe1154-1430-4d4c-8a04-85e1f34fd0ee', '09:30:00', '11:30:00', 'Tuesday', true, '2002411a-f382-43a4-8927-c86faa43a49b');
INSERT INTO public.schedule (id, "startTime", "endTime", "dayOfWeek", "isRecurring", "promotionId") VALUES ('0dad3119-6f9b-45b5-8e18-e6bb975c3275', '10:30:00', '12:30:00', 'Wednesday', false, '2002411a-f382-43a4-8927-c86faa43a49b');
INSERT INTO public.schedule (id, "startTime", "endTime", "dayOfWeek", "isRecurring", "promotionId") VALUES ('14dd3ec3-8899-4d83-bb3f-c4a066e210d0', '11:30:00', '13:30:00', 'Tuesday', false, '50347eaa-43e0-47fc-818c-19bea716c319');
INSERT INTO public.schedule (id, "startTime", "endTime", "dayOfWeek", "isRecurring", "promotionId") VALUES ('ae4a1635-5063-46c0-89ca-1b12f1fffbf2', '12:30:00', '14:30:00', 'Wednesday', false, '6e249215-6fa3-4e4a-9d61-9c66209415b1');
INSERT INTO public.schedule (id, "startTime", "endTime", "dayOfWeek", "isRecurring", "promotionId") VALUES ('87ce6e32-9e12-4d40-965b-9dabb2c0ee6d', '13:30:00', '15:30:00', 'Thursday', false, 'd698d7c0-5b24-4bb0-9a6a-dd5095108ff0');
INSERT INTO public.schedule (id, "startTime", "endTime", "dayOfWeek", "isRecurring", "promotionId") VALUES ('ac12c1ca-24cb-401d-9918-8eb515a191bd', '14:30:00', '16:30:00', 'Friday', false, '1c930782-ed91-479c-9814-d721c78a11f2');
INSERT INTO public.schedule (id, "startTime", "endTime", "dayOfWeek", "isRecurring", "promotionId") VALUES ('f8841164-9cb7-45c2-b486-63018af15c11', '15:30:00', '17:30:00', 'Saturday', false, '1c930782-ed91-479c-9814-d721c78a11f2');
INSERT INTO public.schedule (id, "startTime", "endTime", "dayOfWeek", "isRecurring", "promotionId") VALUES ('bcc2232b-eccf-4906-9f05-3f50cbc2325c', '16:30:00', '18:30:00', 'Sunday', false, 'd8e8d6c9-d551-4a59-9b08-588dab5d760d');
INSERT INTO public.schedule (id, "startTime", "endTime", "dayOfWeek", "isRecurring", "promotionId") VALUES ('44813a65-e96d-426a-9915-c6190faadb45', '01:45:00', '06:10:00', 'Monday', true, '69a03fff-4dc7-4115-b553-0b3e63c74130');
INSERT INTO public.schedule (id, "startTime", "endTime", "dayOfWeek", "isRecurring", "promotionId") VALUES ('1ef232e4-3b11-42ab-a794-45cb33f1ff25', '02:15:00', '07:23:00', 'Tuesday', true, '69a03fff-4dc7-4115-b553-0b3e63c74130');
INSERT INTO public.schedule (id, "startTime", "endTime", "dayOfWeek", "isRecurring", "promotionId") VALUES ('9184a3a7-042a-40fc-b97c-788c140b0f84', '03:45:00', '08:15:00', 'Wednesday', true, '69a03fff-4dc7-4115-b553-0b3e63c74130');
INSERT INTO public.schedule (id, "startTime", "endTime", "dayOfWeek", "isRecurring", "promotionId") VALUES ('e3e7f0ee-5dd4-4982-9564-475b7c4fc3f9', '04:42:00', '09:16:00', 'Thursday', true, '69a03fff-4dc7-4115-b553-0b3e63c74130');

INSERT INTO public.saved_promotion ("userId", "promotionId", date_saved) VALUES ('b2633468-573b-4842-ad29-d5cb520dfb80', '237787ab-c7f6-4da4-ac62-a8ff9639b686', '2020-11-21 05:36:39.185504');
INSERT INTO public.saved_promotion ("userId", "promotionId", date_saved) VALUES ('b2633468-573b-4842-ad29-d5cb520dfb80', 'd635e8c3-4869-49d3-89b5-37505d085adc', '2020-11-21 05:36:39.224365');
INSERT INTO public.saved_promotion ("userId", "promotionId", date_saved) VALUES ('b2633468-573b-4842-ad29-d5cb520dfb80', 'a806620a-282b-4b04-a3fe-611345d37f85', '2020-11-21 05:36:39.229063');
INSERT INTO public.saved_promotion ("userId", "promotionId", date_saved) VALUES ('b2633468-573b-4842-ad29-d5cb520dfb80', 'e7d59756-5b52-4f5c-af38-5b2ee203bcf6', '2020-11-21 05:36:39.238848');
INSERT INTO public.saved_promotion ("userId", "promotionId", date_saved) VALUES ('b2633468-573b-4842-ad29-d5cb520dfb80', '527d2a4a-0c14-44b4-bc17-7ea6d3e71770', '2020-11-21 05:36:39.241249');
INSERT INTO public.saved_promotion ("userId", "promotionId", date_saved) VALUES ('b2633468-573b-4842-ad29-d5cb520dfb80', '1bccbb87-6278-4535-9057-86174e150abb', '2020-11-21 05:36:39.242767');
INSERT INTO public.saved_promotion ("userId", "promotionId", date_saved) VALUES ('748f7148-8536-4fbb-94e3-5548ef97020e', '237787ab-c7f6-4da4-ac62-a8ff9639b686', '2020-11-21 05:36:39.251434');
INSERT INTO public.saved_promotion ("userId", "promotionId", date_saved) VALUES ('748f7148-8536-4fbb-94e3-5548ef97020e', 'd635e8c3-4869-49d3-89b5-37505d085adc', '2020-11-21 05:36:39.251473');
INSERT INTO public.saved_promotion ("userId", "promotionId", date_saved) VALUES ('748f7148-8536-4fbb-94e3-5548ef97020e', 'a806620a-282b-4b04-a3fe-611345d37f85', '2020-11-21 05:36:39.251506');
INSERT INTO public.saved_promotion ("userId", "promotionId", date_saved) VALUES ('748f7148-8536-4fbb-94e3-5548ef97020e', '527d2a4a-0c14-44b4-bc17-7ea6d3e71770', '2020-11-21 05:36:39.251636');
INSERT INTO public.saved_promotion ("userId", "promotionId", date_saved) VALUES ('748f7148-8536-4fbb-94e3-5548ef97020e', '4035d31f-6863-4b84-9789-19b315af5681', '2020-11-21 05:36:39.251680');
INSERT INTO public.saved_promotion ("userId", "promotionId", date_saved) VALUES ('748f7148-8536-4fbb-94e3-5548ef97020e', '80d8b97a-9412-4b36-a59d-9ba4aac47816', '2020-11-21 05:36:39.251735');
INSERT INTO public.saved_promotion ("userId", "promotionId", date_saved) VALUES ('0c45ae3b-9acd-44d8-9fa8-db565f18fb6b', '237787ab-c7f6-4da4-ac62-a8ff9639b686', '2020-11-21 05:36:39.256570');
INSERT INTO public.saved_promotion ("userId", "promotionId", date_saved) VALUES ('0c45ae3b-9acd-44d8-9fa8-db565f18fb6b', '1bccbb87-6278-4535-9057-86174e150abb', '2020-11-21 05:36:39.256646');
INSERT INTO public.saved_promotion ("userId", "promotionId", date_saved) VALUES ('0c45ae3b-9acd-44d8-9fa8-db565f18fb6b', 'e7d59756-5b52-4f5c-af38-5b2ee203bcf6', '2020-11-21 05:36:39.256651');
INSERT INTO public.saved_promotion ("userId", "promotionId", date_saved) VALUES ('daeb1c70-788c-43a7-b07a-132c393a5b79', '237787ab-c7f6-4da4-ac62-a8ff9639b686', '2020-11-21 05:36:39.259542');
INSERT INTO public.saved_promotion ("userId", "promotionId", date_saved) VALUES ('daeb1c70-788c-43a7-b07a-132c393a5b79', '28212942-fe67-4f50-8303-93f3490ad5c5', '2020-11-21 05:36:39.259556');
INSERT INTO public.saved_promotion ("userId", "promotionId", date_saved) VALUES ('daeb1c70-788c-43a7-b07a-132c393a5b79', '2002411a-f382-43a4-8927-c86faa43a49b', '2020-11-21 05:36:39.259609');
INSERT INTO public.saved_promotion ("userId", "promotionId", date_saved) VALUES ('6680a7b0-0866-4d73-9397-e15628db81bb', '237787ab-c7f6-4da4-ac62-a8ff9639b686', '2020-11-21 05:36:39.262599');
INSERT INTO public.saved_promotion ("userId", "promotionId", date_saved) VALUES ('6680a7b0-0866-4d73-9397-e15628db81bb', '2002411a-f382-43a4-8927-c86faa43a49b', '2020-11-21 05:36:39.262685');
INSERT INTO public.saved_promotion ("userId", "promotionId", date_saved) VALUES ('6680a7b0-0866-4d73-9397-e15628db81bb', 'd635e8c3-4869-49d3-89b5-37505d085adc', '2020-11-21 05:36:39.262737');
INSERT INTO public.saved_promotion ("userId", "promotionId", date_saved) VALUES ('6680a7b0-0866-4d73-9397-e15628db81bb', '50347eaa-43e0-47fc-818c-19bea716c319', '2020-11-21 05:36:39.262745');
INSERT INTO public.saved_promotion ("userId", "promotionId", date_saved) VALUES ('6680a7b0-0866-4d73-9397-e15628db81bb', 'a806620a-282b-4b04-a3fe-611345d37f85', '2020-11-21 05:36:39.262755');
INSERT INTO public.saved_promotion ("userId", "promotionId", date_saved) VALUES ('cf8f2262-4b4c-4138-9742-1b101bbd18df', '237787ab-c7f6-4da4-ac62-a8ff9639b686', '2020-11-21 05:36:39.267330');
INSERT INTO public.saved_promotion ("userId", "promotionId", date_saved) VALUES ('cf8f2262-4b4c-4138-9742-1b101bbd18df', '50347eaa-43e0-47fc-818c-19bea716c319', '2020-11-21 05:36:39.267388');
INSERT INTO public.saved_promotion ("userId", "promotionId", date_saved) VALUES ('cf8f2262-4b4c-4138-9742-1b101bbd18df', 'd698d7c0-5b24-4bb0-9a6a-dd5095108ff0', '2020-11-21 05:36:39.267478');
INSERT INTO public.saved_promotion ("userId", "promotionId", date_saved) VALUES ('cf8f2262-4b4c-4138-9742-1b101bbd18df', '6e249215-6fa3-4e4a-9d61-9c66209415b1', '2020-11-21 05:36:39.267477');
INSERT INTO public.saved_promotion ("userId", "promotionId", date_saved) VALUES ('cf8f2262-4b4c-4138-9742-1b101bbd18df', '1c930782-ed91-479c-9814-d721c78a11f2', '2020-11-21 05:36:39.267541');
INSERT INTO public.saved_promotion ("userId", "promotionId", date_saved) VALUES ('cf8f2262-4b4c-4138-9742-1b101bbd18df', 'd8e8d6c9-d551-4a59-9b08-588dab5d760d', '2020-11-21 05:36:39.267582');
INSERT INTO public.saved_promotion ("userId", "promotionId", date_saved) VALUES ('cf8f2262-4b4c-4138-9742-1b101bbd18df', '69a03fff-4dc7-4115-b553-0b3e63c74130', '2020-11-21 05:36:39.297773');
INSERT INTO public.saved_promotion ("userId", "promotionId", date_saved) VALUES ('eab63fe7-6632-44d8-a486-d638b20f25e4', '237787ab-c7f6-4da4-ac62-a8ff9639b686', '2020-11-21 05:36:39.305289');
INSERT INTO public.saved_promotion ("userId", "promotionId", date_saved) VALUES ('eab63fe7-6632-44d8-a486-d638b20f25e4', 'a806620a-282b-4b04-a3fe-611345d37f85', '2020-11-21 05:36:39.305401');
INSERT INTO public.saved_promotion ("userId", "promotionId", date_saved) VALUES ('eab63fe7-6632-44d8-a486-d638b20f25e4', 'd635e8c3-4869-49d3-89b5-37505d085adc', '2020-11-21 05:36:39.305400');
INSERT INTO public.saved_promotion ("userId", "promotionId", date_saved) VALUES ('eab63fe7-6632-44d8-a486-d638b20f25e4', '4035d31f-6863-4b84-9789-19b315af5681', '2020-11-21 05:36:39.305481');
INSERT INTO public.saved_promotion ("userId", "promotionId", date_saved) VALUES ('eab63fe7-6632-44d8-a486-d638b20f25e4', '527d2a4a-0c14-44b4-bc17-7ea6d3e71770', '2020-11-21 05:36:39.305501');
INSERT INTO public.saved_promotion ("userId", "promotionId", date_saved) VALUES ('eab63fe7-6632-44d8-a486-d638b20f25e4', '80d8b97a-9412-4b36-a59d-9ba4aac47816', '2020-11-21 05:36:39.305549');
INSERT INTO public.saved_promotion ("userId", "promotionId", date_saved) VALUES ('eab63fe7-6632-44d8-a486-d638b20f25e4', 'e7d59756-5b52-4f5c-af38-5b2ee203bcf6', '2020-11-21 05:36:39.305571');
INSERT INTO public.saved_promotion ("userId", "promotionId", date_saved) VALUES ('eab63fe7-6632-44d8-a486-d638b20f25e4', 'd698d7c0-5b24-4bb0-9a6a-dd5095108ff0', '2020-11-21 05:36:39.315451');
INSERT INTO public.saved_promotion ("userId", "promotionId", date_saved) VALUES ('eab63fe7-6632-44d8-a486-d638b20f25e4', '50347eaa-43e0-47fc-818c-19bea716c319', '2020-11-21 05:36:39.314771');
INSERT INTO public.saved_promotion ("userId", "promotionId", date_saved) VALUES ('eab63fe7-6632-44d8-a486-d638b20f25e4', '6e249215-6fa3-4e4a-9d61-9c66209415b1', '2020-11-21 05:36:39.315135');
INSERT INTO public.saved_promotion ("userId", "promotionId", date_saved) VALUES ('eab63fe7-6632-44d8-a486-d638b20f25e4', '1c930782-ed91-479c-9814-d721c78a11f2', '2020-11-21 05:36:39.316744');
INSERT INTO public.saved_promotion ("userId", "promotionId", date_saved) VALUES ('eab63fe7-6632-44d8-a486-d638b20f25e4', '69a03fff-4dc7-4115-b553-0b3e63c74130', '2020-11-21 05:36:39.317403');
INSERT INTO public.saved_promotion ("userId", "promotionId", date_saved) VALUES ('eab63fe7-6632-44d8-a486-d638b20f25e4', 'd8e8d6c9-d551-4a59-9b08-588dab5d760d', '2020-11-21 05:36:39.317078');
INSERT INTO public.saved_promotion ("userId", "promotionId", date_saved) VALUES ('eab63fe7-6632-44d8-a486-d638b20f25e4', '1bccbb87-6278-4535-9057-86174e150abb', '2020-11-21 05:36:39.343888');
INSERT INTO public.saved_promotion ("userId", "promotionId", date_saved) VALUES ('eab63fe7-6632-44d8-a486-d638b20f25e4', '28212942-fe67-4f50-8303-93f3490ad5c5', '2020-11-21 05:36:39.347686');
INSERT INTO public.saved_promotion ("userId", "promotionId", date_saved) VALUES ('eab63fe7-6632-44d8-a486-d638b20f25e4', '2002411a-f382-43a4-8927-c86faa43a49b', '2020-11-21 05:36:39.351158');
